"Source Name","BLAKE3 Hash Digest","SIMD Tier","Threads Used","Execution Time (s)","Throughput (MB/s)","File Size (bytes)","Data Source"
"$AttrDef-slack","80b25f8b27755c340c912b38a9810f886bb991b66f42f939e82cd2ece3cfe3b0",AVX-512,12,0.00029,5.053,1536,2011-10-19-Sample.E01
"$AttrDef","1265794e3bbc14afba8d0f3bbcc06cf55026a32cf54292a9f1d003f217b42328",AVX-512,12,0.000635,3.842,2560,2011-10-19-Sample.E01
"$BadClus:$Bad-slack","af1349b9f5f9a1a6a0404dea36dcc9499bcb25c9adc112b7cc9a93cae41f3262",AVX-512,12,0.000254,0.0,0,2011-10-19-Sample.E01
"$Bitmap","8cbe8c77958e42624fb3be491f3da357a6111bf90ce882e08d510a31b010949d",AVX-512,12,0.000387,11.822,4800,2011-10-19-Sample.E01
"$Bitmap-slack","1678d379628ba0c4f491b8a4cbe5f769070c2d6a04518fa196f65c6fee776174",AVX-512,12,0.000462,7.006,3392,2011-10-19-Sample.E01
"$Boot","d43ed4b69956282b43ccaf3712de1cef223c08b7a8ca3be46c7f112ffe071fc8",AVX-512,12,0.000542,14.414,8192,2011-10-19-Sample.E01
"$Repair:$Config","88ada2950bdc9ee2d8c8ccb2de23ff4123479861015241301292c84c981e5daf",AVX-512,12,0.000314,0.024,8,2011-10-19-Sample.E01
"$Tops","2989b75086395e9495e0c8e715f12bd28e17ac5830d121f49a793c622f09d28d",AVX-512,12,0.000292,0.326,100,2011-10-19-Sample.E01
"$TxfLog.blf","0269814a685d9f2e5aad578af5408f110619efdfd7f72d672e794eec54bedc33",AVX-512,12,0.000644,97.035,65536,2011-10-19-Sample.E01
"$Tops:$T","488de202f73bd976de4e7048f4e1f39a776d86d582b7348ff53bf432b987fca8",AVX-512,12,0.001197,835.073,1048576,2011-10-19-Sample.E01
"$TxfLogContainer00000000000000000002","04e52cd2da6a0e1f338b0078369130d96585c1de65057da5dd1283b12fb853e1",AVX-512,12,0.002494,1603.592,4194304,2011-10-19-Sample.E01
"$TxfLogContainer00000000000000000001","942c70d81dddd07267f211bc1ae3e395ee6f8dd0fa9d200ab414915076d5245c",AVX-512,12,0.002262,1767.956,4194304,2011-10-19-Sample.E01
"$MFT","997d6179f95750ce58a022aa60d39003385841c0bd67f55b45fe1adeb6904d7b",AVX-512,12,0.000773,323.373,262144,2011-10-19-Sample.E01
"$LogFile","ef9708c9b2d151d3bdade63cfb1f01d6e8bd12545f7662cf1835bf2b7d6fc890",AVX-512,12,0.001787,1119.445,2097152,2011-10-19-Sample.E01
"$Secure:$SDS-slack","7ffdf7d4c25c0ade57a4a2a960bcabe472e3f0bfc8c8fb6d878493869b444b66",AVX-512,12,0.000216,15.312,3468,2011-10-19-Sample.E01
"$MFTMirr","146dbfdef21ffe3775bd484df55e4d7902805c66803ef7e3459623d474ffa3c4",AVX-512,12,0.000214,18.279,4096,2011-10-19-Sample.E01
"$UpCase","fcaa14f22f4ba8ebf401c652121a217ac0d85f09c26bbe0301e4060cdc7b5703",AVX-512,12,0.000845,147.947,131072,2011-10-19-Sample.E01
f0005384.txt,"1a4448924fac5951e2b497e452a2b1b83cb6fe332941eb91ba2cc7bc5fb222e9",AVX-512,12,0.000206,0.652,141,2011-10-19-Sample.E01
f0244840.reg,"7158c8cb53494277240a3bedfba200821fbb36d878798f928a2072ccaa7a8565",AVX-512,12,0.006228,3005.049,19623936,2011-10-19-Sample.E01
f0198984.dat,"e29e082d355a964f8de9a3a088d6b98895732f5b215f8b796d6f270bbebf88e7",AVX-512,12,0.000965,404.793,409600,2011-10-19-Sample.E01
f0198472.dat,"f39ded23f10a870e8919ac1ff4747b675c4aeae4b8dbe4291011a53ac1aba369",AVX-512,12,0.000818,305.623,262144,2011-10-19-Sample.E01
f0199784.reg,"c84c5932b9e0659fa9ac4b1d03ca079ea697eb3b75a523ff7364b3b13992f433",AVX-512,12,0.007364,2987.669,23068672,2011-10-19-Sample.E01
f0197960.dat,"792d56f955125a8ba303e4a022fb98456229d9b89d84608ddcc453e21ab28bab",AVX-512,12,0.000863,289.821,262144,2011-10-19-Sample.E01
f0197888.dat,"434a942f29d5becffba1b4385c308c06b0dabcf3a50f51603ef5247b05576867",AVX-512,12,0.00079,39.582,32768,2011-10-19-Sample.E01
f0197856.dat,"373788cc8c3ec55e70cf52860d1ca8b1e81f6ac1ff401573d1f84cc2f0f87420",AVX-512,12,0.000219,71.249,16384,2011-10-19-Sample.E01
f0197088.dat,"43417bb272e02f8bd3c7dd38b2a841e796dbffa1ca4701eb16c28e238f8661b0",AVX-512,12,0.00092,407.564,393216,2011-10-19-Sample.E01
f0197056.txt,"174a6f9d92dbb986a91495cf48fc02fb078e3b3ccf7198da47df0f48998dc69e",AVX-512,12,0.000251,2.936,773,2011-10-19-Sample.E01
f0196952.dat,"8a55e613060c6d68b217b8e44ea83bf8f8c182ff0a9848f50a402e7517e31a53",AVX-512,12,0.00069,67.925,49152,2011-10-19-Sample.E01
f0196936.txt,"dcae5c42dd356b97f6b9e469c309edf2ddd4a28bbfab5a433567e7068ce6cd7b",AVX-512,12,0.000293,3.272,1004,2011-10-19-Sample.E01
f0196928.txt,"e1f9afa412254a9f6d7c66d917f7b30d451ed9188618d9356ad4dba4e06e311d",AVX-512,12,0.000248,3.206,833,2011-10-19-Sample.E01
f0196920.txt,"a9b42cce62c63d4ac23d5984f0b20460fd6b8ed4246c9555ad7ce5adf6c4d1e1",AVX-512,12,0.000252,3.036,803,2011-10-19-Sample.E01
f0196840.dat,"661bccba0e71b7bd8253f49689a62d70240e74e1a3b991824a87c83bc3f1903e",AVX-512,12,0.000789,39.622,32768,2011-10-19-Sample.E01
f0196776.dat,"c7354dc238d614686274faf3709ebf98c455280bdcfdf5884092e3d2f40e4c0c",AVX-512,12,0.000853,36.627,32768,2011-10-19-Sample.E01
f0196712.dat,"e2048ce8a19d137ac90c6e1916e4275e9106cea41e8492380077540eb38074d8",AVX-512,12,0.000698,44.777,32768,2011-10-19-Sample.E01
f0196672.txt,"478df797d6334c1e6122b53f887dc24e16209f34bd6c549e4d34398d2d73bf62",AVX-512,12,0.000278,63.315,18483,2011-10-19-Sample.E01
f0196256.h,"c9e0bc802e0a816c4bb53624bb5af818b7130baae9257c83c3dc3b5347502058",AVX-512,12,0.000244,69.88,17901,2011-10-19-Sample.E01
f0196248.txt,"dccb8b1a68ca502c631b8b46ab69dbee31ca91587d8da467a9f7348af22d09be",AVX-512,12,0.000326,6.1,2087,2011-10-19-Sample.E01
f0196240.txt,"6386292ee93a6347bdde3ee61c6091ddda6d6f6b5a47ad50acda6b98c1e9ceb8",AVX-512,12,0.000249,7.987,2088,2011-10-19-Sample.E01
f0196232.txt,"104b0af86d27f53b708d0a393e63e07e0c4f266fa31abe9b09850b1ba515f2ef",AVX-512,12,0.000213,8.914,1988,2011-10-19-Sample.E01
f0196176.jpg,"555dc99916ccdfeb0007031792982af0d7404ef402fa7918383314c537e178e3",AVX-512,12,0.000345,68.256,24685,2011-10-19-Sample.E01
f0196128.jpg,"8ecf7f0edca90cb498ff0e67d80198787c71f7896235110afa7704356b9ffcd5",AVX-512,12,0.000231,98.188,23742,2011-10-19-Sample.E01
f0196080.jpg,"c6f6698ac0bb2e40403f3d4dee1c0b2faf83a48bc7918c550e8b5ff584ad8ed4",AVX-512,12,0.000287,80.291,24163,2011-10-19-Sample.E01
f0196032.jpg,"f044f66f9928e3f98a1bc7218705bbaee121822c8387175b87c6bb64f0259ca0",AVX-512,12,0.000243,92.516,23622,2011-10-19-Sample.E01
f0195984.jpg,"d4a23f34720c4d7ecd86266eeeebe0ff7c9488d3d159226cc6080b5c0eba7d5c",AVX-512,12,0.000246,83.031,21383,2011-10-19-Sample.E01
f0195936.jpg,"fa6f3fb75e162fe05df252f0aeeaa46ac06b65e585659cd4cad9789f60877ae6",AVX-512,12,0.000294,79.447,24517,2011-10-19-Sample.E01
f0195888.jpg,"864414b17a25a335d456cb0daade18983e79d1d0579bfedb4aa4507cc457e36d",AVX-512,12,0.000386,57.969,23457,2011-10-19-Sample.E01
f0195840.jpg,"212222bea8ac1a36d20412c7c4c9849ace0962e709ca241544fc6d377eb53ef5",AVX-512,12,0.00024,91.388,22989,2011-10-19-Sample.E01
f0195792.jpg,"811859bb1e43509712657bad52fcd7d2c3c582e79df9807968794c9127df6382",AVX-512,12,0.000248,85.923,22308,2011-10-19-Sample.E01
f0195744.jpg,"edac0f2c5709675ae72b2124f29ba47caa84a76827313e009ff2e4715aea0ec6",AVX-512,12,0.000295,67.283,20848,2011-10-19-Sample.E01
f0195696.jpg,"36424295b46241fdcf754b58d3414a597605f1f0fa233fa0f8a0891f80b393d3",AVX-512,12,0.00027,76.835,21721,2011-10-19-Sample.E01
f0195656.jpg,"45ca1e52c7b71f9602da57ddba3fedc6d96787f33baef1e10e8735fa3816d3b0",AVX-512,12,0.000234,81.081,19903,2011-10-19-Sample.E01
f0195608.jpg,"dafb4d6b00d63d2c5ca677e648bf8af7c9c84ea346db6d220f002b80358847a9",AVX-512,12,0.000289,71.042,21506,2011-10-19-Sample.E01
f0195568.jpg,"940b1aee257d82b5a5944a08301e8ba671c6b6c2dfe94e2cd30ceb2c91b47eae",AVX-512,12,0.000263,69.457,19169,2011-10-19-Sample.E01
f0195520.jpg,"d5a045f9dff1676c50fc8e8857f166032c05f0dc586e2624e0a07221e0f1489c",AVX-512,12,0.000449,50.016,23543,2011-10-19-Sample.E01
f0195480.jpg,"b59df9ac9f6996d3acf75ccf02b314a5a2bcac43369f23f6e53247ea7711590f",AVX-512,12,0.000332,57.866,20157,2011-10-19-Sample.E01
f0195432.jpg,"d71c2d0f48279a855577ab46eef329ee7bc2620ea8d3fe3d6b75bd86ce7e42ce",AVX-512,12,0.000388,58.138,23635,2011-10-19-Sample.E01
f0195392.jpg,"63bb6b30bdeaaf9c94daa7fe5ee11130271e18de9640bb4c77b6504069fff201",AVX-512,12,0.000248,63.803,16565,2011-10-19-Sample.E01
f0195360.jpg,"4b9cfb3577492a789b6d9f93b163723202a88b33769e6dbc6ec9643bbe49f92c",AVX-512,12,0.000284,41.339,12302,2011-10-19-Sample.E01
f0195328.jpg,"c09c35918280e51e0acf05b7ca48a937ee64b1aa076060791a286897f66ed444",AVX-512,12,0.000325,45.608,15557,2011-10-19-Sample.E01
f0195288.jpg,"69cc69346afbd32b54ba43856230a3677ed79e1b81f2e1209f88ec1d5eec2c99",AVX-512,12,0.000335,50.197,17633,2011-10-19-Sample.E01
f0195248.jpg,"3a5afe4b1b1be322636dc2c81a928d9825706c319efdfca28c2605a99d7ea394",AVX-512,12,0.000239,68.019,17082,2011-10-19-Sample.E01
f0195208.jpg,"4eb6962e36ce0a7b14cf36ab39519605eb389334adf42c757a7f97aedf214750",AVX-512,12,0.000255,61.882,16553,2011-10-19-Sample.E01
f0195168.jpg,"8308150efc503ed8f2c4345859b48453e82a3caa310b677ce761392e2572ab48",AVX-512,12,0.000297,56.227,17493,2011-10-19-Sample.E01
f0195128.jpg,"b611bcdedaa70d8cc843c07c26113e6049f106f95add556a3e7f76660a342928",AVX-512,12,0.000229,70.541,16909,2011-10-19-Sample.E01
f0195096.jpg,"c494093ee5380b9198bc406981775a993c44fd32bd066fb4cc4c7db2f9b350e7",AVX-512,12,0.000227,60.639,14421,2011-10-19-Sample.E01
f0195064.jpg,"4825729e71f0a3d661534a41980de0a215e9d99560f65a5e29abf5e565c7d798",AVX-512,12,0.000247,61.194,15830,2011-10-19-Sample.E01
f0195032.jpg,"020150ad5ba7257d65229c39d2a259b9d1b4576c8cc645e68eb70768ced0aae1",AVX-512,12,0.000279,54.845,16022,2011-10-19-Sample.E01
f0195024.jpg,"ade2d94c677f5e9a33200c17c05467cd9fac11e8b8c5ef60a481b9599bb56962",AVX-512,12,0.000249,6.925,1806,2011-10-19-Sample.E01
f0195000.jpg,"590e3d682c1928ae98c86954878689e0603df77fdabf2efb5e99003b19fbb621",AVX-512,12,0.000233,44.113,10796,2011-10-19-Sample.E01
f0194976.jpg,"f4c154e02bf3ce5ad089760953cdfaf7f1bb12081fce9235bccc8f741b8b5c6f",AVX-512,12,0.000243,43.035,10979,2011-10-19-Sample.E01
f0194952.jpg,"1920b572498bd71a53ecfc22f1b5bc6478f19fb83b37070fc70021e5be4bf7c6",AVX-512,12,0.000241,46.884,11848,2011-10-19-Sample.E01
f0194920.jpg,"5f1650ed455819c17d480e6170ad52306c38c7e0e0deb808e882d6bbd52fbd3d",AVX-512,12,0.000516,25.749,13921,2011-10-19-Sample.E01
f0194896.jpg,"87d28f4067bb73314d8907b4f6f55e5dac08688599b3676f998b4bbe3a339c14",AVX-512,12,0.000442,24.269,11238,2011-10-19-Sample.E01
f0194864.jpg,"b1ba86dc6f8203fc7e4ea6d4d1cce72258489c4c317be7b09f3937269c54e916",AVX-512,12,0.000314,44.44,14646,2011-10-19-Sample.E01
f0194832.jpg,"79c8df0638f71ac5ad0d9541bd17554ffa3f0a967457d28c12e26d13d3918f1f",AVX-512,12,0.000231,58.88,14231,2011-10-19-Sample.E01
f0194808.jpg,"05c6ec5a4e9737e007d189812e8d5f60f2b1a5f4faeac292acc4f9be5c876e63",AVX-512,12,0.000233,46.299,11331,2011-10-19-Sample.E01
f0194776.jpg,"04eaacf3e4bb6a1ddbd0f93bd21dd8a1d89753c5992b8fbb9841f364dd5ad495",AVX-512,12,0.000313,43.57,14309,2011-10-19-Sample.E01
f0194744.jpg,"61d5dd92f83aac75f5ea4b5512ec5f5e92ab10680af2cc5cd9a510e99924f498",AVX-512,12,0.000309,49.078,15912,2011-10-19-Sample.E01
f0194712.jpg,"ba62a6221f336fb1ca57afeccde8c48ca5088bd43ff83fcdd6ca25883ecaa516",AVX-512,12,0.000251,53.119,13986,2011-10-19-Sample.E01
f0194680.jpg,"544b6cb8fb8595f2cf37f37b4cf40612e1ecaa897449a879c1d1f5cfc2197074",AVX-512,12,0.000387,33.528,13609,2011-10-19-Sample.E01
f0194584.jpg,"3a7cd7d3f37f28777f4e550fb445f9683b924a4b15c4f125763944543fbd037c",AVX-512,12,0.000283,46.597,13808,2011-10-19-Sample.E01
f0194544.jpg,"15ee727993db7821829f7cf63b7eb80d7e68760726e6b3494395a120bfb0db7a",AVX-512,12,0.00033,47.386,16387,2011-10-19-Sample.E01
f0194504.jpg,"dbf1527cc097ced5a6ed3d030be46e1c372fbcfdb933209b0f74e8a8b5ef1451",AVX-512,12,0.000442,38.203,17722,2011-10-19-Sample.E01
f0194464.jpg,"2cde03d5c14f2e9d3ff99c480e294d6f58cdec96fb1c66270f1cd8c722d3c695",AVX-512,12,0.000341,48.524,17330,2011-10-19-Sample.E01
f0194424.jpg,"60dcd88a0ff602a34da7a3c16e9be287dbb9a3f44b2fbab305e5f2b860c468a1",AVX-512,12,0.000271,61.706,17554,2011-10-19-Sample.E01
f0194384.jpg,"ce77099698b481c56945c0e93702b01c652e167ad92f68fe4b06dbe872eccae5",AVX-512,12,0.000316,49.796,16505,2011-10-19-Sample.E01
f0194344.jpg,"ef3c50687ea94d9d5e1b525eda22575c11ee95756bbf7fe51279801548f7b4ff",AVX-512,12,0.000299,58.746,18406,2011-10-19-Sample.E01
f0194304.jpg,"4f8e2393d48c3488d7d801d4e0eb3b1da35e8395e3ce0e36e4b1073c0f916d7d",AVX-512,12,0.000341,46.292,16533,2011-10-19-Sample.E01
f0194272.jpg,"2df219fc2d46b71314f3797b3418a1d8d3d31af358658cfdd14a866515e1b70e",AVX-512,12,0.000252,61.747,16316,2011-10-19-Sample.E01
f0194240.jpg,"0b4cb975438e2b15e651751a12517701008e586228847f4db356dc800523edba",AVX-512,12,0.000307,49.3,15891,2011-10-19-Sample.E01
f0194200.jpg,"593e72ff66eefbbb09bd76e07e2160bfe9abb70f0ab367077c8cadf731d601f1",AVX-512,12,0.000267,58.9,16515,2011-10-19-Sample.E01
f0194168.jpg,"4e708e81a5b65b295969a06194f2f5ce88eca006c7ad8e09643cd529c9a99643",AVX-512,12,0.000349,43.907,16077,2011-10-19-Sample.E01
f0194128.jpg,"de0570443a26999f92c048a3cdc82322bcfecb4489a87334d0f494303fb7c17c",AVX-512,12,0.000361,46.331,17538,2011-10-19-Sample.E01
f0194088.jpg,"31cd1a463fc9f6a130bff5c021b4c3d9ff52e7b6a46bbb6ff389fed594ad3f51",AVX-512,12,0.000276,60.791,17587,2011-10-19-Sample.E01
f0194048.jpg,"24ea450013836bf2b8efea02328deab952e4d8bcfa299fe611e21bbe24a126be",AVX-512,12,0.000238,65.655,16385,2011-10-19-Sample.E01
f0194016.jpg,"71bb6cbccb366dfef242111fa5bae43215cc4a2adbf0db0f73bc8dfb283cf52d",AVX-512,12,0.000211,68.436,15120,2011-10-19-Sample.E01
f0193976.jpg,"d46458e3c696d7233fe56ca9a06fb696e91f25bb0cde1f8bb0ffa01789e22dd4",AVX-512,12,0.000218,75.32,17249,2011-10-19-Sample.E01
f0193936.jpg,"fc46ef2e844cd5e17ab82c61a9fb08fba4032af0b4e5d15025d6af91394f49d0",AVX-512,12,0.000218,78.888,18000,2011-10-19-Sample.E01
f0193904.jpg,"7aa5db175e0ae364d2b02b6bc73994ecc2641d8be1815eb6ff0b0a81bad639a9",AVX-512,12,0.000411,35.116,15145,2011-10-19-Sample.E01
f0193864.jpg,"84b5eee129ff888632d37f9b464543de8cff4c987e5b39be7528b274633c997b",AVX-512,12,0.000311,50.194,16395,2011-10-19-Sample.E01
f0193832.jpg,"f87fba90d063d6f1663589e3f8aa4473ab78ae2ec93d5200d0b01e0f86078975",AVX-512,12,0.000235,65.096,16027,2011-10-19-Sample.E01
f0193792.jpg,"7dfced8532484a2b250f18bcbb67c02f7aa4c63292c1672209c1e2744be73da4",AVX-512,12,0.000246,65.39,16840,2011-10-19-Sample.E01
f0193760.jpg,"b336acd7349e12dcf9be2012b195c65badb53332bed80e49b6ca4fa4fddfa63c",AVX-512,12,0.000215,65.799,14827,2011-10-19-Sample.E01
f0193688.jpg,"0ea8725704609f4af7250003080a187a0459818f7ad0d6db5209f6cf8a7af2af",AVX-512,12,0.000235,53.24,13147,2011-10-19-Sample.E01
f0193720.jpg,"cdc6c1628e574ee805d18fe2798035d386e60c0e1505c28c459c641d3e47ad77",AVX-512,12,0.000252,65.732,17383,2011-10-19-Sample.E01
f0193616.jpg,"d6c4bb72dde479a00d62836b98990256d453ecc39ae2581329949be0c94a276b",AVX-512,12,0.000229,91.781,22058,2011-10-19-Sample.E01
f0193664.jpg,"87e102d8f29426f4f788062370f1f11eae2f8468765641df0535bf291c985cb1",AVX-512,12,0.000228,44.406,10607,2011-10-19-Sample.E01
f0193576.jpg,"2130985b503222399e5943edb3b01f6a1ce36016766ebbe8165ccbb0e0b2f5fe",AVX-512,12,0.000217,85.304,19437,2011-10-19-Sample.E01
f0193528.jpg,"ca57a5267676e166baf48a1945d30aed5fcbc3e7f34105a2952e50c34809b539",AVX-512,12,0.000203,98.313,20927,2011-10-19-Sample.E01
f0193448.jpg,"c2ad47ca7bd9e8d45021088e797fb0db613805d116b839a039fd8a9a2c046ef8",AVX-512,12,0.000312,59.346,19403,2011-10-19-Sample.E01
f0193488.jpg,"5a6be3642fc1f825ad250e5ccc6efcfa135ae1777ebc73feba8c10e1675e98ec",AVX-512,12,0.000258,70.005,18946,2011-10-19-Sample.E01
f0193408.jpg,"a125e44c78c7d39739b06c7ab00c41bde657755f27911b750c2c9d095360320e",AVX-512,12,0.000278,65.773,19180,2011-10-19-Sample.E01
f0193376.jpg,"d1d83299e5f5aea7b4857aa506e0ee5dac90461e426ccf96a7971218e92f654e",AVX-512,12,0.000257,57.347,15442,2011-10-19-Sample.E01
f0193344.jpg,"063a1dbc81f26e0673de0da3f6a13b8c2ea2b73110d7c7698a43251a91a1099f",AVX-512,12,0.000286,54.32,16313,2011-10-19-Sample.E01
f0193312.jpg,"a94d1d89e8dbc3099549ee50662a728e370f1ce3c89d97f77f618e3a1641daa9",AVX-512,12,0.000256,48.911,13114,2011-10-19-Sample.E01
f0193296.jpg,"9828fed41d4eb024b877626a6864d04194e70b8691dfecaff7112e9050425f3a",AVX-512,12,0.000258,23.644,6389,2011-10-19-Sample.E01
f0193264.jpg,"dab133d821788d922913be85f16040ec99b53a8e16cf37742823c871bd8e06de",AVX-512,12,0.000266,52.628,14668,2011-10-19-Sample.E01
f0193232.jpg,"14405ef8ceb63ca323c8db83b3248ff8cdfea37a2580103b52646f62821d0246",AVX-512,12,0.000228,12.168,2904,2011-10-19-Sample.E01
f0193240.jpg,"c753170f44a6f80630644d40b58d79be290530fb719eb996b0f8aab6ef337fed",AVX-512,12,0.000254,37.209,9922,2011-10-19-Sample.E01
f0193208.jpg,"87fef846e971ae6849826329858cd152f234a16867aee4674fb4a8fb4c44c835",AVX-512,12,0.000336,22.495,7935,2011-10-19-Sample.E01
f0193224.jpg,"564a71078844434d032eea21cafc9320d50235e8838f54db13bcc3cb788903dc",AVX-512,12,0.000255,8.033,2147,2011-10-19-Sample.E01
f0193192.jpg,"ac4c72400ce8cc0899624122269c900e10bccf8a3c1368e8c0339e24e4e17328",AVX-512,12,0.000258,12.814,3468,2011-10-19-Sample.E01
f0193200.jpg,"ae3d60f456b20eff9e470fd1ec1d76f20f0d36d01104c70c6cc0c5ed3b152500",AVX-512,12,0.000592,3.538,2197,2011-10-19-Sample.E01
f0193144.jpg,"b0c058f26b9f4210545795f96c420b2659a1e1858b8f2279c36dde036405c92d",AVX-512,12,0.000273,34.944,10003,2011-10-19-Sample.E01
f0193168.jpg,"05b120c133ca92116063b1ff2ed4a6c5fa36eb0283f1c21fe0937e36d5713ff7",AVX-512,12,0.001631,5.219,8925,2011-10-19-Sample.E01
f0193120.jpg,"2daaec02045dcda2a1f7de895c83dfec207a63cc932d43e542179931cb4d9290",AVX-512,12,0.000418,20.413,8945,2011-10-19-Sample.E01
f0193096.jpg,"9fcf67bcd3541ea55b97250259a1deecd36e8733e4078bf9e088a5d2c550d67f",AVX-512,12,0.000238,33.351,8316,2011-10-19-Sample.E01
f0193072.jpg,"f4b1e2655629c7ebec3d3b0562eab36a7d2a31c6f446fe1cc3c34aa4b962e6e6",AVX-512,12,0.000492,21.258,10958,2011-10-19-Sample.E01
f0193048.jpg,"69c9ac06ef304dcc406bd7eb8d8f034a533784e94e380bccc010f0604ce31bc4",AVX-512,12,0.000366,28.871,11089,2011-10-19-Sample.E01
f0193024.jpg,"f71122a0f2282eab81d303d2acc9286ff54fd2ab4951190baf843561f50ecbe7",AVX-512,12,0.000341,28.314,10124,2011-10-19-Sample.E01
f0193000.jpg,"6d9f3caa691c4ba179e6e5c72fd0fbb4091f6fb003ce4940771030c271d29fec",AVX-512,12,0.000495,19.228,9980,2011-10-19-Sample.E01
f0192976.jpg,"3750e0b1f017cd09a4c5e9e3cde31021236ea52becd0806861e850412956f151",AVX-512,12,0.000247,35.398,9157,2011-10-19-Sample.E01
f0192952.jpg,"8bf11b2926efae1b2f84ba28932feb4173da15ae8fad87b7975795d59f7885a4",AVX-512,12,0.000384,30.393,12225,2011-10-19-Sample.E01
f0192928.jpg,"9354d80f7c079c22ebecdaf700964325f487779c449f2404497e1a78c8499309",AVX-512,12,0.000292,36.106,11059,2011-10-19-Sample.E01
f0192904.jpg,"6e159d59bcfd451f570a1a6aa91f2b7635646a614e8c758fbba36263a9f0ab02",AVX-512,12,0.000846,12.76,11322,2011-10-19-Sample.E01
f0192872.jpg,"17f83e97b4aea094ca0f507f91606534936aed751e9b5e767fe5422dca8737a2",AVX-512,12,0.000321,36.58,12305,2011-10-19-Sample.E01
f0192848.jpg,"81025b6b7fdcaab4848e77352b2e2c0db52e3ae42ea622a1e896ff3fd0de0ecf",AVX-512,12,0.000232,46.517,11321,2011-10-19-Sample.E01
f0192800.jpg,"11854c846a19ee0a0281e46422bd69a6088eba1c548877b45874a2554754872f",AVX-512,12,0.000327,26.01,8921,2011-10-19-Sample.E01
f0192824.jpg,"5338e6f5df1fdaee50ba639d0c19c9ac2a0e5192ab0e408f4d8f6de04e3fffff",AVX-512,12,0.000371,25.348,9861,2011-10-19-Sample.E01
f0192776.jpg,"c1dfa7a32c2778789080abe2547f3dfefeef2aed6cb169937b8b9b3df39566f2",AVX-512,12,0.000245,44.353,11413,2011-10-19-Sample.E01
f0192752.jpg,"bc941fefa3a93d79b4aeec35c62d5f0aa7f544dca5a111d35225e2b09211808b",AVX-512,12,0.00023,36.921,8912,2011-10-19-Sample.E01
f0192728.jpg,"5be44fc7cfe8a56f704b0a7f6fe94d332b2603a65a7fd361b4ba9c3e914c5c67",AVX-512,12,0.000449,23.206,10933,2011-10-19-Sample.E01
f0192704.jpg,"1db8f24947f15ae53a013780e94aabdc5ad1889c2524de6f28cceba2c54ad0fa",AVX-512,12,0.000251,33.807,8887,2011-10-19-Sample.E01
f0192680.jpg,"e1d99a8c7651b39aa926a566d390e37ee5aa3877a6e169fb32490dedcff0b2d3",AVX-512,12,0.00034,29.787,10607,2011-10-19-Sample.E01
f0192656.jpg,"55f1a509538076cdd529db9b418d4cab8f3c1c260eeaae8f7f26ee42fe545d72",AVX-512,12,0.000586,14.921,9173,2011-10-19-Sample.E01
f0192632.jpg,"a2cf62605b1bea70519923ae0562dd1e145b144583975a2c56b904afdff691f9",AVX-512,12,0.000247,35.977,9318,2011-10-19-Sample.E01
f0192544.jpg,"c0995ea3e8ab8878a0f7a7b8de4cd0149516cc62f95d2b31622b8cb3b84a265a",AVX-512,12,0.000238,37.436,9323,2011-10-19-Sample.E01
f0192520.jpg,"2a870a742ce6f6807a2402e53b7b44a5dc1bb6668c393db67e3e53b5fd83e02a",AVX-512,12,0.000386,22.303,9027,2011-10-19-Sample.E01
f0192496.jpg,"1136fe34e5e301587eb84ce28a5c21493839f6e2c8e47dc86fde466033872938",AVX-512,12,0.000459,24.539,11821,2011-10-19-Sample.E01
f0192472.jpg,"aea04355fbee38855052dde3bce55c1797eafdfb3bead128fc1a85df6eb931b2",AVX-512,12,0.000688,15.313,11041,2011-10-19-Sample.E01
f0192448.jpg,"771376018a099148821d46c1cc80bf83cdff7978d1b3da426a9c8fea974388a8",AVX-512,12,0.001784,5.212,9748,2011-10-19-Sample.E01
f0192424.jpg,"13f01a9ae48ac549f9bda16ac2df72173e4cfbf25ad05900f069ad6f7d44870f",AVX-512,12,0.000455,22.769,10868,2011-10-19-Sample.E01
f0192400.jpg,"b05f8b0ce86069ac1c6a22723c1d378b7df5108dcae0ae04009aba80fbaa7784",AVX-512,12,0.000321,28.732,9668,2011-10-19-Sample.E01
f0192352.jpg,"ce50aa3f69332a8db84aa9ba74eff694b154377eece162ca4e50a04a966cde8a",AVX-512,12,0.00038,24.505,9767,2011-10-19-Sample.E01
f0192376.jpg,"4e56ae614bbf673fab47dab090818ad898ee0ac449aef2d3504daced7a6e0b80",AVX-512,12,0.000324,30.955,10523,2011-10-19-Sample.E01
f0192328.jpg,"6965077aeadc039b4078697217b1a8b0bc4c6101333683d5216d904c90a1fc6a",AVX-512,12,0.000367,27.038,10402,2011-10-19-Sample.E01
f0192304.jpg,"cac3bacc35e5c9b1b57505550c6fab103c5c56319d0df319b645562de288b8d3",AVX-512,12,0.000325,26.488,9038,2011-10-19-Sample.E01
f0192280.jpg,"3c89d20cca8ae9e79dc19a04a6f8e853070ba2d938deb283374e0a4e48225bf9",AVX-512,12,0.000326,30.99,10587,2011-10-19-Sample.E01
f0192256.jpg,"2c33d844c83ea2d30457b88612eacfdcab7131a1eda00d22b89ec612473383fb",AVX-512,12,0.000325,28.041,9550,2011-10-19-Sample.E01
f0192232.jpg,"8805c077c997aa3a96aba8f9edaae7d6fe7f80e7f3008238ac6769313cae1f96",AVX-512,12,0.000286,35.542,10655,2011-10-19-Sample.E01
f0192224.png,"929a8202217444b945cdc834a8801061b464dd5c85fe7b4870147a41817a16b1",AVX-512,12,0.000256,3.082,826,2011-10-19-Sample.E01
f0192104.png,"84999b337f91f4713303207307dee98bc1238d8a8888aae263cf1939cf3abcfb",AVX-512,12,0.000388,15.07,6125,2011-10-19-Sample.E01
f0192120.txt,"c58959e01543c861cf57020b02d189c9ceae960e74512211530a9dbe218bb7c9",AVX-512,12,0.000261,25.411,6941,2011-10-19-Sample.E01
f0192072.png,"59c6945b949ad86e8931e3874873285c3837f04655735d94782c3d4ddee1ffed",AVX-512,12,0.000259,51.9,14095,2011-10-19-Sample.E01
f0191976.txt,"a61f847646d4784e7d3169629d0e724c8b4787cc1bea2bf90f54d4a85aa7f352",AVX-512,12,0.001108,41.573,48279,2011-10-19-Sample.E01
f0191944.txt,"8cc1a425a1f02d96ad371c8b506a6810dcb0771202dc51f4d0d6c14f8d68e756",AVX-512,12,0.000303,5.27,1676,2011-10-19-Sample.E01
f0191648.txt,"9a718dd90573b1c221c4057043f04681e70cb86a0aebd4b8c44143e2fdf5f4f7",AVX-512,12,0.000702,189.192,139264,2011-10-19-Sample.E01
f0190840.h,"7e0f56091b1cf751f944676211e9e66b509653fdfda8f730708b711826e45c2a",AVX-512,12,0.001632,199.934,342164,2011-10-19-Sample.E01
f0190816.png,"0e6084de901a9c8eccd48167d832c6eb7e25679d1ddc8113a4e56ec6ca46a5f6",AVX-512,12,0.000292,4.827,1478,2011-10-19-Sample.E01
f0190704.png,"041ab8f8cad866f391952de99f81e3489b01bb99ad5611434a4dd5b015e1702e",AVX-512,12,0.000846,39.954,35435,2011-10-19-Sample.E01
f0190776.png,"a9eeb96e6e060fe83f4c37a099caf2db3bbc1ecafa1812c50ad263a6c9cd6ffe",AVX-512,12,0.000279,69.546,20324,2011-10-19-Sample.E01
f0190600.png,"78c58c5f0ec5e2e4405ddeeee15aee64aa880a945aebaad254579d0c7227808e",AVX-512,12,0.000225,59.035,13922,2011-10-19-Sample.E01
f0190632.png,"e1147f989f120cef0d8c6bf7757e8495bcccd4acc0ccffcef61356a491a09252",AVX-512,12,0.000978,31.967,32779,2011-10-19-Sample.E01
f0190576.png,"668ed17c813c27ae1a7a52a70f96962ccdd503fb2e8e4454db58a423f3160fb0",AVX-512,12,0.000275,39.647,11441,2011-10-19-Sample.E01
f0190568.png,"78fc7b5923aa66ff460960e390c236f8e41f1b0cf06f90a38beaae8b11488dc6",AVX-512,12,0.000392,6.332,2600,2011-10-19-Sample.E01
f0190536.png,"c99ec81d717bf3153f88bdfa68f0a9cee2ebf9106cea6b9cb00c3ca000b19d27",AVX-512,12,0.000305,47.662,15268,2011-10-19-Sample.E01
f0190520.png,"98015e499f1946c9bb522ad0a90e7c612320d9bb2852981e6504972807ee7277",AVX-512,12,0.000342,12.295,4409,2011-10-19-Sample.E01
f0190432.png,"0376bd32a1f4b91e089c466833d062fc9569dbdfcb70c199ee2f47ec9a4bc78e",AVX-512,12,0.000599,10.013,6285,2011-10-19-Sample.E01
f0190448.png,"20dc04e81c4309921227f73f35684b662422d4f3a4b3d20bc61ee42a3bf69bea",AVX-512,12,0.0003,3.649,1146,2011-10-19-Sample.E01
f0190424.png,"6ea1511f1167d65211c340c1d5f52633dc9f5a4646dfc3c750a87baf8b83550f",AVX-512,12,0.00031,3.578,1162,2011-10-19-Sample.E01
f0190416.png,"5b64a0a7a8e2587ba0bcda4937c747244d0d612df7cc15a77e55bf2c33d34aa6",AVX-512,12,0.000215,4.334,979,2011-10-19-Sample.E01
f0190408.png,"5f8dd7d494b329831025cbadd3263e673e51b478bbcc8d919d4fc6332749154a",AVX-512,12,0.000237,11.342,2821,2011-10-19-Sample.E01
f0190392.png,"70c015222b73bc93ddd447006cd62daed043844453a5b78418ccd7e4726cde39",AVX-512,12,0.000241,26.13,6617,2011-10-19-Sample.E01
f0190384.png,"17c584ce1d21198acbc2a687080ed0bb6110793f209e32e3914c19a2cbcd391e",AVX-512,12,0.000212,13.028,2903,2011-10-19-Sample.E01
f0190376.png,"2b1b3f2866037f83f935271b7dc69989cc23255e1b5b82e9805e6d0690a294e7",AVX-512,12,0.000215,5.326,1199,2011-10-19-Sample.E01
f0190320.png,"0142616db878cd3a8a4fee21e7c9492b275fbcdc211d67f899446ad1481048c6",AVX-512,12,0.000229,118.279,28414,2011-10-19-Sample.E01
f0190272.png,"9bc0c9e7637e970fd652e0e98fc4b905c6cb1d8a4fd860fd7ebf5a967979beea",AVX-512,12,0.000236,90.526,22440,2011-10-19-Sample.E01
f0190232.png,"5e19ca3021beac3801f8c687d4eb50c857ac0fbccd391857364ac553c0bfc297",AVX-512,12,0.000225,7.55,1782,2011-10-19-Sample.E01
f0190224.png,"9bfec336e429781c2db98d2dbdec627440036a74659502d6e25753d10865614e",AVX-512,12,0.000202,5.124,1087,2011-10-19-Sample.E01
f0190216.png,"92710cc2364ea4c8627b957ef472b68ae64419680844e9d9a2c8d8f8f8643553",AVX-512,12,0.000215,2.332,525,2011-10-19-Sample.E01
f0190208.png,"d48c20141148bd70cb41aea49159b6ed1e147cbe29c1417c7125a59395e08525",AVX-512,12,0.000206,8.348,1804,2011-10-19-Sample.E01
f0190200.png,"657645fc2c29107ea0286db608c4445246d7e5d19a180039b3f98280bb0bd504",AVX-512,12,0.000433,2.786,1264,2011-10-19-Sample.E01
f0190192.png,"1ee83b366b4c0e11163e61fd88a0525f696d0ed90f41d2550471a06e50850159",AVX-512,12,0.000234,4.873,1193,2011-10-19-Sample.E01
f0190184.png,"dfee79833fc13443781221459766dd41ebb35f9a55b2254a7636b8d3916c0ed9",AVX-512,12,0.000243,3.13,797,2011-10-19-Sample.E01
f0190176.png,"be32b00884227cdf8619940d353be8c882808395e3e518705fba91f1e8cafbec",AVX-512,12,0.000247,4.221,1095,2011-10-19-Sample.E01
f0190168.png,"89e6efe96905da1da5f9015e096588b16c7b4213dd0b42d501aff552b07c70cf",AVX-512,12,0.000248,8.817,2291,2011-10-19-Sample.E01
f0190160.png,"4652ef75d0f62a0967fb2028b3fcd91b270842c9de7805557d649fa10741d1d6",AVX-512,12,0.000255,3.312,885,2011-10-19-Sample.E01
f0190152.png,"15bf3f87f468392b69d4f288f568f702be0f2af8e0482b18c8812a8bf44eaee1",AVX-512,12,0.000225,2.785,658,2011-10-19-Sample.E01
f0190112.png,"264cb98497395c8162ed71c43b119e886a7b7ef8a4522d7c8028ec5661399fd2",AVX-512,12,0.000306,3.885,1246,2011-10-19-Sample.E01
f0190104.png,"fb00adaeb7069f77eaa239542787f77bf9dba67e96bd1b40dbcf92f501f87d3c",AVX-512,12,0.000261,4.531,1242,2011-10-19-Sample.E01
f0190096.png,"bf6548a7f21c47dcdd010e335cb7ae8d8c636a371b40038f2332dec755ee0381",AVX-512,12,0.000425,2.666,1187,2011-10-19-Sample.E01
f0190088.png,"1d7b757ff649b66f4bc093a5f68edc53ce6bb0ff9050e83e80182c9d0ab87e43",AVX-512,12,0.000226,5.628,1336,2011-10-19-Sample.E01
f0190080.png,"8f119fbb79fa19e8c6ad9ed148c2dcb0fa2ab18847196dfbe9fb5cdbde3a1a14",AVX-512,12,0.000248,4.603,1197,2011-10-19-Sample.E01
f0190072.png,"3ea9873babc41e8cb3485d3e97aaf18797eff4bfebee3698f7142e019530e7b9",AVX-512,12,0.000234,9.464,2326,2011-10-19-Sample.E01
f0190064.png,"dd718a9378bd44a61a14d608ca2767aa0fd43ffe94b5f45693d761ec12c207d9",AVX-512,12,0.000205,4.003,861,2011-10-19-Sample.E01
f0190056.png,"678a4e31f25dd67aff18d003af348ee2fe0efab9139030e0943002207133063d",AVX-512,12,0.000224,6.963,1634,2011-10-19-Sample.E01
f0190048.png,"ecfeba759553d051f4050b8e6c6b811b6222a4ebc6c7107ba11074f547a0ae91",AVX-512,12,0.000231,2.968,719,2011-10-19-Sample.E01
f0190000.png,"5e3f48fe34743f0c677b131a81b1555c964b00aef8e18bd541b11c1c6c8a141f",AVX-512,12,0.00027,79.672,22548,2011-10-19-Sample.E01
f0189960.png,"8c6ba2ad0cfdbd76ad8cd826cf5bbd1ca255c61f89b16b44a53425e22df7c286",AVX-512,12,0.000291,59.099,18058,2011-10-19-Sample.E01
f0189912.png,"043e30986dbcaa23d7872e712136ea677ac161b890cf14940c8ef44e4df6392c",AVX-512,12,0.000356,65.716,24559,2011-10-19-Sample.E01
f0189872.png,"9fb3ef8d836297dc77462cabb8716fa5d0fa4c8d0666aa66547f096159d3ba59",AVX-512,12,0.00038,51.214,20385,2011-10-19-Sample.E01
f0189816.png,"5ca78fbcd3037440451aba7cc11dfd53c5322e723fd818c32b14d9bcf507e6d1",AVX-512,12,0.000266,81.395,22720,2011-10-19-Sample.E01
f0189864.png,"2340cc1e46f241aae86aa8c28183055ead629c6f1652c2b2031cddf432a59753",AVX-512,12,0.000244,9.529,2441,2011-10-19-Sample.E01
f0189776.png,"ff21f441710af8bb0fed0f9d3c5e31405f9f1be7bb3e2929d89dd84646c62a5e",AVX-512,12,0.000324,4.829,1642,2011-10-19-Sample.E01
f0189784.png,"69d0f546937f906c286497b3d0373437498854cc0af3951c282494b73eeb5348",AVX-512,12,0.000454,28.52,13571,2011-10-19-Sample.E01
f0189712.png,"ded9aec77e247c1c5ca031006809b98496788db3f6d43cafdaab5a203f80c9cf",AVX-512,12,0.000211,2.928,647,2011-10-19-Sample.E01
f0189768.png,"a2249b9986da17da26fdf1dd3a29d35afbafd6f11a85a0b68ff215401a431766",AVX-512,12,0.00022,5.69,1312,2011-10-19-Sample.E01
f0189680.png,"10e9b054c4893b57d246b67e102b59eb617acd5d715970efc568d36eae607956",AVX-512,12,0.000273,18.111,5192,2011-10-19-Sample.E01
f0189520.h,"ea4dccc6130a709341d77d01f6c9e0508396a50ce7568db7b735aa2d9e325112",AVX-512,12,0.000584,128.268,78601,2011-10-19-Sample.E01
f0189432.jpg,"c63ab439edcb5a0e8f5ba01a3868904bf0a5ef293921e89c72963a881b92c2a9",AVX-512,12,0.000739,53.561,41499,2011-10-19-Sample.E01
f0189392.gif,"970a4cc299a5e7bd0f934039fd73d483fb845799255bebb406c1ab0a0d701af8",AVX-512,12,0.000243,61.834,15775,2011-10-19-Sample.E01
f0189368.png,"d27193a35faaaf205a9de377ea9f1e560a55998d47bad2e153496059c6edbcf5",AVX-512,12,0.00028,2.095,615,2011-10-19-Sample.E01
f0189288.txt,"d10625931e21866b329b82aa4893dbe21b4115eaf5ecceaf17872bc6c4a0094d",AVX-512,12,0.000634,57.92,38481,2011-10-19-Sample.E01
f0189240.txt,"77956d19e1bef9950278f7687b6e65eb005eeb4ff2cc81760cc5586be4e3c1ea",AVX-512,12,0.000207,3.496,757,2011-10-19-Sample.E01
f0189200.txt,"8b7dd659892c0d1e6bf55874dbfde59776514f158e432fed6c184be5ef458d0b",AVX-512,12,0.000259,70.377,19150,2011-10-19-Sample.E01
f0189144.txt,"233644028e6c13bda6ea4d8294f842e587e9be09cd865b4fec7da56e5d6f27e9",AVX-512,12,0.000242,106.031,26906,2011-10-19-Sample.E01
f0189112.png,"4bab1082e8ebe5d9b02a5414e24b06df48b72af83ca704c96989545479cc7b37",AVX-512,12,0.000244,18.016,4602,2011-10-19-Sample.E01
f0188656.png,"03e7b8570153eb72f9f2ea081dcc50b659307a0e35287ad2f246952b56198584",AVX-512,12,0.000231,11.073,2682,2011-10-19-Sample.E01
f0188648.png,"b5a089e5ab3ebc261bf600ab73148fdad4eef94056485b3cbfc689b938e381a8",AVX-512,12,0.000669,3.427,2404,2011-10-19-Sample.E01
f0188640.png,"83b321ef24871d1890d34bcde51e3e3a793fc9ef20cb60dfb1fe739b7ae26373",AVX-512,12,0.000303,8.254,2626,2011-10-19-Sample.E01
f0188624.png,"6b07b7f732d60ec3fc4309cf3ed9768da7a62184dfe74e924a46af2bdf4d408d",AVX-512,12,0.000441,2.424,1121,2011-10-19-Sample.E01
f0188616.png,"91c9f52cc222e85d57acf56a59fa091f63541c5022e03fb27db3d8bb62d66180",AVX-512,12,0.000224,5.923,1393,2011-10-19-Sample.E01
f0188608.png,"d33774d271fac7eaaab8476f49447ac2dda5684a00198518f045e2eab750413a",AVX-512,12,0.000936,2.97,2914,2011-10-19-Sample.E01
f0188600.gif,"79ff39f3c13b19d1928479d2be548228788b85fc57925733cd04a2080fe9efd1",AVX-512,12,0.000212,13.062,2905,2011-10-19-Sample.E01
f0188384.exe,"eb401c00379cfffd48b030db9b42b9bd77a100b4311babf476e9d6f3b4c19005",AVX-512,12,0.000872,75.06,68608,2011-10-19-Sample.E01
f0188424.png,"fd2bd06aa6518f38b0154ad29a9eb189d436423091a6c5a28c883886ed132695",AVX-512,12,0.000238,3.603,898,2011-10-19-Sample.E01
f0188408.png,"7d9022f577aaf83476ae655dce1631e355efc5a19c25edaba49c3a9a0d6e5cbc",AVX-512,12,0.000322,5.963,2011,2011-10-19-Sample.E01
f0188312.png,"52c77f212c7a1f36326b1bce771ac856e4c33795bd618f7ad38b8e8c41cebc0a",AVX-512,12,0.000327,71.357,24482,2011-10-19-Sample.E01
f0188296.gif,"e89f16556d3a834dc7e038215f5cde9b3803a4ba3363fbac9cf6515903c42f32",AVX-512,12,0.000329,2.928,1010,2011-10-19-Sample.E01
f0188280.png,"7520fa5646c4f702ba697ee959c13fd72fb11e7b39455f6434abb06daf8a41e1",AVX-512,12,0.000351,14.116,5197,2011-10-19-Sample.E01
f0188272.gif,"dd6141dc88c94dacc58f233e438be8cf23161440c9a291bcf83f75d9a801c585",AVX-512,12,0.00022,6.095,1408,2011-10-19-Sample.E01
f0187976.h,"32c66c29e89fca6e7c4208624cd6101de324bfb597e185fc3cbee1afc2da2831",AVX-512,12,0.001566,89.831,147508,2011-10-19-Sample.E01
f0187968.png,"1751c81daaaec264dfb8e2d3f6d83f0ea28b1c3d3dc8dede855c737f44692eaa",AVX-512,12,0.0004,1.715,720,2011-10-19-Sample.E01
f0187960.html,"ff8aa3cd13301cadcf9400cbd7e8398a804a41df60bc0e4d351dc281a193b98e",AVX-512,12,0.000518,6.869,3734,2011-10-19-Sample.E01
f0187928.gif,"9cb9aaedc910207aa8bda9ea16ac82c9486079b293d08cc1bbf2307b48168cbb",AVX-512,12,0.000284,50.113,14913,2011-10-19-Sample.E01
f0187920.html,"3117b491112b4d8d5c32f88674c5414ca4822f4654441a6d4cee736667e76f9e",AVX-512,12,0.000252,2.898,766,2011-10-19-Sample.E01
f0187848.gif,"01dedf3252bdf65cada423fe62c2675c78964a1de38d887a91040d3afab6f890",AVX-512,12,0.000265,48.346,13424,2011-10-19-Sample.E01
f0187840.png,"c599650acacb2e7a5590fb4f02909e8432e72244d551105be6775f6c9ae1a649",AVX-512,12,0.000274,2.993,859,2011-10-19-Sample.E01
f0187600.txt,"861631036f7fd7f06d8a00a6f968f7b0e5111e476e9fd6b7e34e3befdb342986",AVX-512,12,0.000946,123.588,122568,2011-10-19-Sample.E01
f0187480.txt,"3ff0821649146ae013a8f2267de1cdfb36d6d3541db29004bf6bbe0940680f0e",AVX-512,12,0.000751,43.346,34139,2011-10-19-Sample.E01
f0187288.txt,"d255c4e37ef6f1c1fae36d2c757825fe0238d9d2a19bb999a85006d33c237eb0",AVX-512,12,0.00104,43.3,47224,2011-10-19-Sample.E01
f0187280.jpg,"cea46a09934a162f46f0a8d07740e02178ea109f252fe6a240a6f82fa67eea3c",AVX-512,12,0.0002,8.476,1781,2011-10-19-Sample.E01
f0187264.h,"49cd5740c3a3f705bf7b9464884db41face84896b32c863eec46c1a41dadd465",AVX-512,12,0.00023,28.054,6757,2011-10-19-Sample.E01
f0187216.txt,"f0aaec86ccb46abbf1f0f5ece89839a879351b9d29048df04e8f18caea6f0bfb",AVX-512,12,0.000308,75.233,24258,2011-10-19-Sample.E01
f0187192.txt,"d6ac74ddcaf0d33332f0c92b67d8be17996196c114d449d3665035756e53fce5",AVX-512,12,0.000237,46.263,11497,2011-10-19-Sample.E01
f0187152.txt,"d6ac74ddcaf0d33332f0c92b67d8be17996196c114d449d3665035756e53fce5",AVX-512,12,0.000249,44.051,11497,2011-10-19-Sample.E01
f0187112.txt,"ae06fe2679765c2a6304ad341904cbfe821f2d539e27d58d263125865ef3eb6b",AVX-512,12,0.000236,0.509,126,2011-10-19-Sample.E01
f0186784.txt,"baaa5f23f8ca4f12ce5b1f0dcd507158ea73685ac03ecfba531b610110c832a0",AVX-512,12,0.000264,57.527,15949,2011-10-19-Sample.E01
f0186768.txt,"c673263a81c8d197e5724f2de922254dbf60055dceacbc1c31808775fce390ad",AVX-512,12,0.00023,21.599,5209,2011-10-19-Sample.E01
f0186760.txt,"1d143ccd38f3d5f5ee295cc5c1ae479799957a55b0325f7bce085e6aaa305268",AVX-512,12,0.000241,10.261,2593,2011-10-19-Sample.E01
f0186752.txt,"2ed95eb41d3fa2418c703e3ce365b06ef2a123cf7732a98b2ff9d5bc57c6c6f5",AVX-512,12,0.000243,7.289,1855,2011-10-19-Sample.E01
f0186744.txt,"d3e8fa51adfee205f11847014f072d29812546c4c6bebab8407f2e3c0db584b8",AVX-512,12,0.000246,7.187,1854,2011-10-19-Sample.E01
f0186736.txt,"494c5340cad4df17dadbf3c4dc25fcfe190512a2392efd14756d7609d9f1707d",AVX-512,12,0.000323,5.627,1904,2011-10-19-Sample.E01
f0186728.txt,"ee2cec43435f4b2d6121104434c6e2cb4c27e25b03adbc393d90ee611894c590",AVX-512,12,0.000255,7.523,2013,2011-10-19-Sample.E01
f0186712.csv,"e31cc2b94d0741c874b565967db9c9aecc490519f6d91a8df6c7edce301a44bc",AVX-512,12,0.001165,5.398,6593,2011-10-19-Sample.E01
f0186656.csv,"03baf04a0f55944357e143850d7f85b6dfd08c6a41d05d8da101684494695e59",AVX-512,12,0.000266,100.559,28027,2011-10-19-Sample.E01
f0186608.txt,"3e6e6e864169aaa776aae4ba10183e01a0c96ec667264b29d54f4447200133af",AVX-512,12,0.000303,70.222,22296,2011-10-19-Sample.E01
f0186560.txt,"4cc6e7d69f029fcbb859f49a7921b0ea495b954bdeabe2fe04fcb8a0462695c0",AVX-512,12,0.000237,95.971,23850,2011-10-19-Sample.E01
f0186464.h,"f974ebcea0e497316ee6993a17a79e0095be36ab2f94c61a98bbc47e4d29044a",AVX-512,12,0.000717,64.311,48351,2011-10-19-Sample.E01
f0186440.txt,"e4995722e659411a03f73b03bc497f7e729fdf1a9e035ebf618bf24c812d39e8",AVX-512,12,0.000261,32.719,8958,2011-10-19-Sample.E01
f0186376.jpg,"ed76cdb2582a0da3f78b9371555ff4c1820fd4adf9c0c887ea90a906712cfb1c",AVX-512,12,0.000268,86.98,24443,2011-10-19-Sample.E01
f0186368.jpg,"a19e57f2ffd46aa5bf0a5455231daf7fc7025ac3f0aca25a42122bb94a69835a",AVX-512,12,0.000242,7.738,1962,2011-10-19-Sample.E01
f0186336.jpg,"34b6ea85567ceba1d7b5ebd1aad21e7f38b9a335d3c2dd70b3d81d675717bc51",AVX-512,12,0.000263,45.456,12526,2011-10-19-Sample.E01
f0186312.jpg,"d9d5473822e1d89172b00ee053ddf96c6d1822ff31ac15b58797b5ec5105dae4",AVX-512,12,0.000299,38.536,12078,2011-10-19-Sample.E01
f0186288.jpg,"ec164649e7c261278b86ef4d7935976e63bf5a3c3e1d5e706bcebd1c5129e7aa",AVX-512,12,0.000256,43.063,11555,2011-10-19-Sample.E01
f0186256.jpg,"5e3fd111e14c2a34eba39d2e60c6963870e2d0cfff916970ab4967ec38f22418",AVX-512,12,0.000232,53.302,12978,2011-10-19-Sample.E01
f0186216.jpg,"cfd7740cafa12d0e6243da3158059397d98f37f3ceeac989104ef30285c301ff",AVX-512,12,0.000279,61.193,17883,2011-10-19-Sample.E01
f0186200.jpg,"b99f8bc5ce8c9af8148ee42217ecec52a5ed9de37f3a95b8ed6eceda120c63b7",AVX-512,12,0.000261,27.901,7630,2011-10-19-Sample.E01
f0186184.jpg,"8389ab5383661bdccbca62270c9c917a9fa1d1ed0a158dbb8ab05cc49aa1ca3d",AVX-512,12,0.000231,22.653,5480,2011-10-19-Sample.E01
f0186176.jpg,"2a93f9f7e1a3a6dd11eb6e39adabbf89ddc09ad5b2b917b689a7762a029e35db",AVX-512,12,0.000238,7.936,1978,2011-10-19-Sample.E01
f0186152.jpg,"cd34b329493f9c07ed84bb1164769686f10b4dd68b0d80a53803c58d03b363ae",AVX-512,12,0.000217,38.942,8861,2011-10-19-Sample.E01
f0186136.jpg,"2bd7a186f7015ab81cc5c1ba2422fd7178f0ee286cb3d557f119e9867276d5ec",AVX-512,12,0.000283,26.016,7712,2011-10-19-Sample.E01
f0186112.jpg,"b1df4748064958f7877998b57ae8d5d6d4b23fafba40fc9811936104d79413f6",AVX-512,12,0.000286,33.746,10106,2011-10-19-Sample.E01
f0186088.jpg,"b8f9855ab08074dc0c2f8748c65f099fe3e08ce7430dbdafa41960639332ef8e",AVX-512,12,0.000332,27.864,9706,2011-10-19-Sample.E01
f0186056.jpg,"97af3c04dcd14640cfe677b35d9da6306695ba61472b462b4b655026668208df",AVX-512,12,0.000287,45.939,13825,2011-10-19-Sample.E01
f0186032.jpg,"0dbb213ff3b44ca6ab008f212d9aa6549f0d7b2b167ead1e84b79000480fafa5",AVX-512,12,0.000285,33.317,9960,2011-10-19-Sample.E01
f0186008.jpg,"1a0c8b2acbf3ffada2c07e646eedaa5b336f7094b373366efa00e1608e11964c",AVX-512,12,0.00026,40.461,11014,2011-10-19-Sample.E01
f0186000.jpg,"5f2f16df5992058f9680c9e9e0ea440835c9f73f25c30cac708d3f597c39aab9",AVX-512,12,0.00025,7.514,1973,2011-10-19-Sample.E01
f0185992.jpg,"483f132e07da5c4b09c860ac50b6cfc460c4dd0618fe256bb0197e5e95d674b4",AVX-512,12,0.000271,8.869,2524,2011-10-19-Sample.E01
f0185984.jpg,"97ccf08dc0c90aa4cf5df0717d561736425eb794d758a0eee04c26788f96368e",AVX-512,12,0.000315,7.066,2334,2011-10-19-Sample.E01
f0185944.jpg,"6a17e3750381cfe6ed8f865e8eaef88fed49eb701dd3323d1b3cd89885a1c090",AVX-512,12,0.000254,63.232,16861,2011-10-19-Sample.E01
f0185912.jpg,"44839481421fe6a09b67c6056e490b280224bd411a5f6995c78726d1d1874eef",AVX-512,12,0.000236,64.384,15953,2011-10-19-Sample.E01
f0185888.jpg,"7ce5503ef4960e994545bee30f114d42488c0b79f9ab89e3d32b60007d138b99",AVX-512,12,0.000257,38.779,10438,2011-10-19-Sample.E01
f0185616.jpg,"03a7872619fc2750c9261cdd5ea57c1eace0147f8c338a6829192e39274b9421",AVX-512,12,0.000214,34.815,7827,2011-10-19-Sample.E01
f0185608.jpg,"42f448cd0e3a921ee12c80f7c313ef211b05e87d1cbadf26e231a93d50ab6a63",AVX-512,12,0.000263,12.768,3517,2011-10-19-Sample.E01
f0185592.jpg,"5f49c45fd0f95d816710748e7f46fbd41dd0c2f825c61c2d8c95394bef05f96e",AVX-512,12,0.000249,22.837,5965,2011-10-19-Sample.E01
f0185576.jpg,"b34b964c145929181bfdb2d25db1191f93cae4806c91138fa098cbd0bedaa43c",AVX-512,12,0.000232,30.491,7424,2011-10-19-Sample.E01
f0185552.jpg,"0066d7b93dec8b43517a3ebad05676ed14a743abf16b86e6c44bb5125801394c",AVX-512,12,0.000248,43.472,11314,2011-10-19-Sample.E01
f0185528.jpg,"1c6910d9ed8229d0b5c1640bad6e983172fb46f2af09e986d68b8dbc29051dd5",AVX-512,12,0.000274,38.31,11015,2011-10-19-Sample.E01
f0185504.jpg,"3a16b8ae33074178064d7f627c5df35c1a9e4517a545c6f0900b137b86295f62",AVX-512,12,0.000219,36.731,8431,2011-10-19-Sample.E01
f0185488.jpg,"e8a99690bc3bea505c9506435eb55908c00b1ec666332cea972f09362a7d7ad4",AVX-512,12,0.000232,25.166,6130,2011-10-19-Sample.E01
f0185464.jpg,"f21545a9a0bf3783def99c7b346c50d2fa0e3d51c13b33131a52b3b9715983af",AVX-512,12,0.000232,38.484,9370,2011-10-19-Sample.E01
f0185448.jpg,"422ff433f7c2335c671f82f94c637b38a9b89ffe012f692fb4384e5aa988192c",AVX-512,12,0.000226,31.976,7571,2011-10-19-Sample.E01
f0185424.jpg,"4815424c20359d870508bd049bee41bba235f6657cdabe96a50ae0f586d592df",AVX-512,12,0.000256,40.838,10958,2011-10-19-Sample.E01
f0185392.jpg,"de3bf2b7eed98040a35a97d4ca60a23cf7940e96fefa8f5d34c7a495e07b2107",AVX-512,12,0.000231,63.479,15356,2011-10-19-Sample.E01
f0185360.jpg,"5acf60e42a6d52f4b2b0318b7ce430915d5592a3fc367a97595c443d2ee46692",AVX-512,12,0.00024,55.339,13909,2011-10-19-Sample.E01
f0185328.jpg,"53fc3db304a11cda1f8c08d2c08ce6ffa85e748336bfd56ad9793aeedbfbb13b",AVX-512,12,0.000244,59.356,15174,2011-10-19-Sample.E01
f0185304.jpg,"d30280359f5c959aff78e749e083e5aad38235e71d5ad7dcac0752b280ae7e02",AVX-512,12,0.000416,22.497,9804,2011-10-19-Sample.E01
f0185272.jpg,"463bb7bb9be55dc9851b2f31d2366758491f7fb956ff9146fe10993464219063",AVX-512,12,0.000282,48.36,14300,2011-10-19-Sample.E01
f0185248.jpg,"a2acee8057c8143bef89ea410e0f8e63bd176e453c17ab2c265a4838b1b1e344",AVX-512,12,0.00026,43.949,11968,2011-10-19-Sample.E01
f0185216.jpg,"ed1d04877006d3f883bb19a211b629f564b9a4b1638c845c7c83b87df353a151",AVX-512,12,0.000232,65.201,15882,2011-10-19-Sample.E01
f0185192.jpg,"7da212619954ac4bf4a2f67dffa8b345ecb9ddf29d6c974d4f7c6a4547e4b5f4",AVX-512,12,0.000261,37.013,10114,2011-10-19-Sample.E01
f0185160.jpg,"5d519b4013601ce59bc23a7d9a8e790d47a4d1d78351d9a3de7350c52ae13d6d",AVX-512,12,0.00024,61.63,15529,2011-10-19-Sample.E01
f0185128.jpg,"ee98a5db1ec293cf7043d4dbff6e20015118105c7443d9812ed9cc16910a5d4d",AVX-512,12,0.000238,62.563,15587,2011-10-19-Sample.E01
f0185096.jpg,"4c14cc63e8f397e04927c071032860ffabba4d0d5c7843f51ee921b48152a7a5",AVX-512,12,0.00027,51.389,14576,2011-10-19-Sample.E01
f0185064.jpg,"31296e24cc3312b56f924b7673c4645a6880df1ee7e7d58e07f69c513c03804a",AVX-512,12,0.000259,54.208,14722,2011-10-19-Sample.E01
f0185032.jpg,"20d7749b513abc180c0a2297c7fff7734be96081c34f8d780bc359731fc1bf18",AVX-512,12,0.000278,50.505,14717,2011-10-19-Sample.E01
f0185000.jpg,"72757720faa2154a8121513a2b39fd9679a042670ad8e41443d48bb4eadfbb78",AVX-512,12,0.000234,61.787,15154,2011-10-19-Sample.E01
f0184976.jpg,"2e23b483dec87764432e318c1f1f8ba1d91116eacdc83ac613de99c195b22f26",AVX-512,12,0.000384,23.869,9601,2011-10-19-Sample.E01
f0184936.jpg,"a5e32f36d1d7c707cf4c90faa861463f55ab2590640340b1672e8f82de3c322d",AVX-512,12,0.000226,71.928,17053,2011-10-19-Sample.E01
f0184896.jpg,"32d8642a82b860a715526a159691b081a100ad09484850a2cc4868d82cf1da13",AVX-512,12,0.000296,66.044,20471,2011-10-19-Sample.E01
f0184848.jpg,"622f1643047d28fab3eb19982add5c1f9cc2a0a756b2e10c21a2f2d0df010e58",AVX-512,12,0.000244,84.84,21742,2011-10-19-Sample.E01
f0184792.jpg,"754aaea2c4d58663c17ba1c78c12b0e443d69f2388b7394a61912712cc17d5f8",AVX-512,12,0.000226,109.887,26087,2011-10-19-Sample.E01
f0184744.jpg,"458b3d6398a79a534f17b0d854f986e22946a0501b1000d0270dd5274b3584e4",AVX-512,12,0.000235,94.05,23195,2011-10-19-Sample.E01
f0184704.jpg,"da83461e5b7a5c62847243462e1258c9d150f362cb7ffeed28b8ea204b2d1232",AVX-512,12,0.000249,76.659,19975,2011-10-19-Sample.E01
f0184656.jpg,"55a56834f57d808f30927deeb539a60c93a01ccce8b454a17c2e7ddd72d66c06",AVX-512,12,0.000269,81.783,23034,2011-10-19-Sample.E01
f0184608.jpg,"4ff9e382c46ef80590456f4cc113c001c0926437fae87e279e6dd78f3b30cf43",AVX-512,12,0.000252,88.631,23392,2011-10-19-Sample.E01
f0184568.jpg,"158c3ba57232ec4991df20cf4be69c920eb9562e413651c13cb16803fd53e0dd",AVX-512,12,0.00022,85.861,19843,2011-10-19-Sample.E01
f0184520.jpg,"8835160d162d0c9e96c78404c8973737803c618be401ea621a0bc9d855dec99c",AVX-512,12,0.000222,91.524,21334,2011-10-19-Sample.E01
f0184472.jpg,"f1cbd43bbff0ede4e1d1f52e765c070f0bcc436f36c695fc74a9365832097bea",AVX-512,12,0.00024,82.432,20788,2011-10-19-Sample.E01
f0184424.jpg,"150a4a0e1fe562f4b889ce62b6f50bc37ea97fe2e9953e86814fe9b45cce5a06",AVX-512,12,0.000302,73.584,23325,2011-10-19-Sample.E01
f0184376.jpg,"c1bfa3b492e17194221b09c9ad62575fdf56a8a020735b1c4ac170d7b221379f",AVX-512,12,0.000241,94.675,23925,2011-10-19-Sample.E01
f0184328.jpg,"96862a9ad3d3b05a96752773c9cca93726e35a2a46ea964338d83a450bde1342",AVX-512,12,0.000247,80.221,20794,2011-10-19-Sample.E01
f0184280.jpg,"53718427f329c21b98be6f851f6745e7fd426d4e7a2cff73301cddec91783680",AVX-512,12,0.000233,98.545,24097,2011-10-19-Sample.E01
f0184264.jpg,"439a6a34cbe1114d324a6165adb9fe8ec770252c53581dd9c5b056d1b80e9e5e",AVX-512,12,0.000348,21.877,7974,2011-10-19-Sample.E01
f0184248.jpg,"858f2c7b332298e034e32bcf1cd64e2dfa71be5ea10d310f99aebc63c8abe77c",AVX-512,12,0.000303,20.858,6616,2011-10-19-Sample.E01
f0184216.jpg,"209d30443d8e63131ee66a3c70e5ba8c8fb0135eddc824f70b086dca79af0c5d",AVX-512,12,0.00025,55.039,14405,2011-10-19-Sample.E01
f0184200.jpg,"84df4ebe7c69130de7faa9ae4dbc3d6cafb0242fe04b13b8208c29e8924cb738",AVX-512,12,0.000222,33.646,7850,2011-10-19-Sample.E01
f0184184.jpg,"4aacb5aae4063ae048b95c10c8ddae7e43556e9ff5b5b64683304bbe71ca083d",AVX-512,12,0.000262,22.859,6292,2011-10-19-Sample.E01
f0184168.jpg,"5dbbc8be50d85f478552be5c2a892a72f34179f7b33db80b5c68df5b0ece5d1f",AVX-512,12,0.000211,31.056,6858,2011-10-19-Sample.E01
f0184144.jpg,"cd1a0d06f6dd6e17e84a9aaed3b45eb954780c52f228f2195f747e44d9e2a82c",AVX-512,12,0.000242,43.447,11034,2011-10-19-Sample.E01
f0184112.jpg,"2b1f9669b6c346686e04677d156aa81fde6a103e13bd0c6c8a08938706d3173e",AVX-512,12,0.000213,59.985,13410,2011-10-19-Sample.E01
f0184080.jpg,"788e17b9b9c0a30518e76f36e420ef3ea1ff478566872567000224c3abc6350f",AVX-512,12,0.000252,48.604,12833,2011-10-19-Sample.E01
f0184040.jpg,"f74c50125fade36e6a582248fc23714db058fc50cd5b05ba4a8df74c8c4a8dbf",AVX-512,12,0.000247,69.594,18054,2011-10-19-Sample.E01
f0184016.jpg,"155ed8ce5a22e74d4b59ce5697b8bda70ba39c671f1dd861d2aa9efd304e7af6",AVX-512,12,0.000251,35.81,9410,2011-10-19-Sample.E01
f0183984.jpg,"fd8c3ed040e7a68372401ab4290315281a1f7df044202a5f467f74dbfd3dd256",AVX-512,12,0.000293,47.42,14584,2011-10-19-Sample.E01
f0183952.jpg,"bb6b8e3a7488c852e3ab76403b0fdd685aafa77529d9f9f9a61b6f3f41e2aa9a",AVX-512,12,0.000393,39.035,16094,2011-10-19-Sample.E01
f0183912.jpg,"8236734b4fa9c0722380dd5c1da1d3bc1162dca1da60b771e4706fd5c76a23e2",AVX-512,12,0.000262,69.839,19172,2011-10-19-Sample.E01
f0183872.jpg,"5ef5aaf448d1682cd4998eaa711f6ffaee023ea2d20abf7f45640c97b4829448",AVX-512,12,0.000229,78.642,18892,2011-10-19-Sample.E01
f0183840.jpg,"8cc6eeefb5dd79b43d7041f2fe2e60ae8f7a856b5aec0c7c00b27fc22f0b5cc0",AVX-512,12,0.000213,66.896,14927,2011-10-19-Sample.E01
f0183800.jpg,"a34d1ca3fdb8a5983e298386e1f427f9bce2ab8b1c39707172bb9b8ab65822c1",AVX-512,12,0.00025,74.048,19388,2011-10-19-Sample.E01
f0183760.jpg,"108a13ed2b24f485ee2666687bb655974da9bed2e3cecef1978f1cadfebdf359",AVX-512,12,0.000336,49.048,17296,2011-10-19-Sample.E01
f0183736.jpg,"4bd82553d51a1c52def24496d3c2065ef9167f584e1402b5de04990e2b0fde1e",AVX-512,12,0.000209,47.62,10431,2011-10-19-Sample.E01
f0183696.jpg,"63c88063f749c5791ef8bfa24c9a216e2837bb438480a2a7935d9d20efaab32c",AVX-512,12,0.000248,74.538,19352,2011-10-19-Sample.E01
f0183672.jpg,"523305cf5792c1e335599c7884a9a63b3b0c61104017ca3c6d52b07ac0481682",AVX-512,12,0.000231,49.179,11907,2011-10-19-Sample.E01
f0183632.jpg,"1d85181b539a8a4b08e740801e5b7ef099aff73c8671c5d3d001e99b78701178",AVX-512,12,0.000236,70.117,17344,2011-10-19-Sample.E01
f0183592.jpg,"128aff89a92bf0743ee177800404f77c46ebcd4936ca76a847e2842e0da4b742",AVX-512,12,0.000264,60.309,16676,2011-10-19-Sample.E01
f0183552.jpg,"62d3acc673f3e7926fcfa3a83f95a2f0ec698a5427dcb5d53e2e83931333bd4b",AVX-512,12,0.000241,75.89,19146,2011-10-19-Sample.E01
f0183512.jpg,"29487737069c317ff08607be0a458593e121751f2c8812db22fbc671268b4bf0",AVX-512,12,0.000225,79.556,18803,2011-10-19-Sample.E01
f0183480.jpg,"ea562773ebcda34f259a56e0e36cc42527f052eef19fd755100f0c9d3da8185f",AVX-512,12,0.000255,52.062,13948,2011-10-19-Sample.E01
f0183440.jpg,"fbfc475ae628b477cc35da8404e940ecbd9fece908538d7be1b3e78aa116bd33",AVX-512,12,0.000224,75.804,17781,2011-10-19-Sample.E01
f0183408.jpg,"884489c7edc4c9b2607a4b321f901e9aec8e097cdbad9b491892186b743b3af1",AVX-512,12,0.000252,59.215,15647,2011-10-19-Sample.E01
f0183368.jpg,"bdd8a3cf7ae0f1a726257dbac77a21fea0064328be1a2d7661328e503ac40f9c",AVX-512,12,0.00023,75.549,18252,2011-10-19-Sample.E01
f0183328.jpg,"1fd955f39f6f6ea0b6d9538001ffc098688ed35eb049912495ba611f02250f7a",AVX-512,12,0.000245,65.792,16909,2011-10-19-Sample.E01
f0183320.jpg,"6dbf155fab150c2f7ca07cab6d6864c91fbf084239777412283a971201e0b4e4",AVX-512,12,0.000253,10.197,2702,2011-10-19-Sample.E01
f0183312.jpg,"8c28738356a53762b7901d38a2ea9dd83619ac3afa4c639eff59af55f21ba8d2",AVX-512,12,0.000221,9.58,2219,2011-10-19-Sample.E01
f0183304.jpg,"e688dac57ca418effb4cc3d539fd4eadb3a1f1c8b733eb7e3f2e3259f881499e",AVX-512,12,0.000305,6.677,2136,2011-10-19-Sample.E01
f0183296.jpg,"440fff29b4617985d0abfe123603dc61a341d031387653781793d5e68d5de973",AVX-512,12,0.000232,8.239,2000,2011-10-19-Sample.E01
f0183288.jpg,"87fef1251f3dfba77d79a2b0fde4178b09be39611578ce12b8a726dd55264f20",AVX-512,12,0.000342,6.697,2398,2011-10-19-Sample.E01
f0183264.jpg,"23c5aade3615763925ac3188a65ec6172e372782a4c44ed368ae0d9a95f19adf",AVX-512,12,0.000209,45.468,9974,2011-10-19-Sample.E01
f0183216.jpg,"348b774c710891c5aa85611044546d1122809c297f758f9993dcc418d96d57f7",AVX-512,12,0.000288,72.987,22072,2011-10-19-Sample.E01
f0183176.jpg,"82e8d9b1b6ac02620339dcddfb01b9879fb7b056d33acf842b673b9ae2428a9f",AVX-512,12,0.000231,72.201,17466,2011-10-19-Sample.E01
f0183144.jpg,"9fcd029d20636095efc3283176005bbe560ccd64b0e2dc0a5d823ec12c109561",AVX-512,12,0.000247,48.197,12483,2011-10-19-Sample.E01
f0183104.jpg,"82bf7bec0f58a8d548de46dbf4caccf56e46ed4038a78ece33b9e1087cec45b4",AVX-512,12,0.000255,69.296,18536,2011-10-19-Sample.E01
f0183056.jpg,"5d02ed93c1be57e9c31788d5858d79abe7d2e518ebae64d79b4c1a90ed0ff930",AVX-512,12,0.00028,74.706,21965,2011-10-19-Sample.E01
f0183008.jpg,"8d1afa39786fd554692073eb6da727d116b8e2ff4ac2c57ae65b46a952885ef4",AVX-512,12,0.00027,79.276,22436,2011-10-19-Sample.E01
f0182960.jpg,"63a9275b002aaf52432d9bc69c126e1e2c9017024af1d8fcc24400fd501ffd8b",AVX-512,12,0.000235,91.301,22517,2011-10-19-Sample.E01
f0182920.jpg,"4a5ad17c9cd447e4c7011250090ab0754e07fdadde30cc7ebfaca4c54b791db2",AVX-512,12,0.000237,73.028,18156,2011-10-19-Sample.E01
f0182888.jpg,"11c0c8a18f914241cd4953dd57931db31c105e967984e2d851d08201c99affab",AVX-512,12,0.000236,57.386,14225,2011-10-19-Sample.E01
f0182840.jpg,"dd66bc931d0fd9a1f01d5017ba525d676e7d9b1695ea9eb12e59b6d6dd1753f9",AVX-512,12,0.000264,79.555,22056,2011-10-19-Sample.E01
f0182808.jpg,"21f7978e9a68fd722306b4fcfd45666219573de6ac0d8d8db2f1caa67e8bd828",AVX-512,12,0.000295,40.536,12539,2011-10-19-Sample.E01
f0182760.jpg,"e4054049f85ff39e09d3503bc6f6c966416d2ed1f56f8180d49ecd190d2f4eab",AVX-512,12,0.000248,79.212,20632,2011-10-19-Sample.E01
f0182720.jpg,"f5d0efca4f98a78a8614b60d136f08ef2417e5a24439638d4579442d51799b5a",AVX-512,12,0.000236,70.688,17515,2011-10-19-Sample.E01
f0182712.jpg,"b83fde9a3b4212bf0478586f0643e115e7405aa0a8e2dd94b3ea00a182bb35dd",AVX-512,12,0.000325,5.593,1905,2011-10-19-Sample.E01
f0182704.jpg,"c82467a18b3bec6cf40d996476b20383bf192fa65de64ab174b3f14e12b407ac",AVX-512,12,0.000334,5.4,1889,2011-10-19-Sample.E01
f0182696.jpg,"b68b43f2c55885c93c0463db285d5c497fccdc8b3f4d78cfd48fae74f59fba0d",AVX-512,12,0.000244,7.703,1970,2011-10-19-Sample.E01
f0182688.jpg,"390b6e0a7a9a902661263caa1d51d4103824009f544099c2eadb1d3c05727d56",AVX-512,12,0.000234,8.03,1972,2011-10-19-Sample.E01
f0182680.jpg,"78b547f62c2e2b24694b3ac9f9a4d9a3baa46c8fb4938ab48b7c4d8831ce55b6",AVX-512,12,0.000277,9.364,2718,2011-10-19-Sample.E01
f0182664.jpg,"13fabcf650400053fd1b1c9059ccf8257bc91bc4336140bdb85296dbadbba728",AVX-512,12,0.00022,26.918,6221,2011-10-19-Sample.E01
f0182648.jpg,"017d9bbd17d542e7541c598425df2be15ebca208bbf02292475ff5d5c116ffa9",AVX-512,12,0.000237,25.693,6393,2011-10-19-Sample.E01
f0182640.jpg,"812bd53442532e7484665ef7498679c4b82fae1c51785b100a4de30ba1d6c875",AVX-512,12,0.000265,7.156,1990,2011-10-19-Sample.E01
f0182624.jpg,"4d6fa3fff85f878c2a5760de93233753571c194d0e12cbd82fb6df20f47d9ef7",AVX-512,12,0.000222,18.915,4409,2011-10-19-Sample.E01
f0182608.jpg,"5f3f02bce0f891ab6e56a56bcd9b5b6f0561080671cebe5bd4ab84412ff37d99",AVX-512,12,0.00022,28.087,6494,2011-10-19-Sample.E01
f0182592.jpg,"b88e588925cb08672dbdcaac8c59dd1b9f2815c87d55568b40c655063ac4c86a",AVX-512,12,0.00022,30.624,7055,2011-10-19-Sample.E01
f0182568.jpg,"d328955412eda9724929621edaa169201f354fca7d2c68982ed5d6eee0db8ef9",AVX-512,12,0.000248,40.289,10456,2011-10-19-Sample.E01
f0182544.jpg,"2eab99ac0b93a98d8df5b30e3babe8ef7e8c5e90b3f8357c5183ed4ff819ddb1",AVX-512,12,0.000322,27.773,9383,2011-10-19-Sample.E01
f0182520.jpg,"1cf7cad1d2299578f8033b51776515bd0945b1d62b5a960b9249f0497bee356d",AVX-512,12,0.000249,39.72,10354,2011-10-19-Sample.E01
f0182496.jpg,"30af4a2167418069715161a14d4bc0af04db3a48c23c7951be382347a7498fd7",AVX-512,12,0.000227,40.847,9714,2011-10-19-Sample.E01
f0182472.jpg,"24d3c0012ba39883a929ab025d579ecb8113220372b7b17e6e5301b6fd17ef33",AVX-512,12,0.000257,39.136,10563,2011-10-19-Sample.E01
f0182440.jpg,"e95cd4a02c0b2f15f9952b8a38e4268783474162bf5cbd3037ee2cb02d29c918",AVX-512,12,0.000274,55.701,15986,2011-10-19-Sample.E01
f0182416.jpg,"0af0c4698162cfdfe25bbc78962c82499587a92f7f73e61e08e721fba02a1134",AVX-512,12,0.000257,31.51,8498,2011-10-19-Sample.E01
f0182392.jpg,"a34fef2750bc7cddcb6b46b011c70ee171a95c820384ff948cfecb36e6eb2af0",AVX-512,12,0.000259,31.633,8591,2011-10-19-Sample.E01
f0182360.jpg,"9f8a7cbdc81dcf8ce6768c7c4da11aecd0879864c85814c587e649b998723460",AVX-512,12,0.000287,54.366,16378,2011-10-19-Sample.E01
f0182328.jpg,"5f51d2c07cda0c8a2c014cf72cd3bb384b2c7c9a44f50cb6d074526fe22b513d",AVX-512,12,0.000224,59.068,13843,2011-10-19-Sample.E01
f0182296.jpg,"424be6c6610de1785f749944a2bae920b2e352bd47e15e84fb8c2f407c14efb9",AVX-512,12,0.000234,54.103,13258,2011-10-19-Sample.E01
f0182272.jpg,"17e1665fa9e41225cc63b7ca86e280920ebc8f042348bcb9969e382cac54ce60",AVX-512,12,0.000249,31.753,8294,2011-10-19-Sample.E01
f0182240.jpg,"54b3198c3be6f195bec2bcbf84b570bd9819f5a4adb07d18712881fb3eb51b90",AVX-512,12,0.000321,44.909,15116,2011-10-19-Sample.E01
f0182208.jpg,"e2a032dc89df5f20e4604ce5f03593c7532c3a0f36c70015f46f97087048e950",AVX-512,12,0.000229,61.077,14666,2011-10-19-Sample.E01
f0182184.jpg,"ae98a938be91630d5f1e38ed4e11e64f051b126771dd50c730fa6ec8e8acf13f",AVX-512,12,0.000248,47.215,12288,2011-10-19-Sample.E01
f0182160.jpg,"ee73cde12d2b32c784b863c4c01da96fff44a29e894829ed86a356c1ba271da7",AVX-512,12,0.000239,37.733,9476,2011-10-19-Sample.E01
f0182136.jpg,"01d0fa9313af54074cefd4ecb9e73dae8ce1bbf5effdc2896eb05def568d8c26",AVX-512,12,0.000323,27.503,9318,2011-10-19-Sample.E01
f0182112.jpg,"3af9ba3c791ef5fd557e892aea45ded665f94826c0a0c2648a5b09f92d1729e6",AVX-512,12,0.00026,38.305,10435,2011-10-19-Sample.E01
f0182088.jpg,"36be99e9f49451442d4cdc5726c10cec9f9b1db2694f29a07e38d97a6e35d6d0",AVX-512,12,0.0003,26.69,8382,2011-10-19-Sample.E01
f0182072.jpg,"441d161e03aa0a0b87c2cfe27ced7a968776d50951903e5ffb0718780164df9c",AVX-512,12,0.000216,30.44,6904,2011-10-19-Sample.E01
f0182048.jpg,"9a7dcc1c235b1ea77a2c499e0d9d7eabfa921cab79aa5bd2a19ee95f25aaac34",AVX-512,12,0.00024,35.012,8811,2011-10-19-Sample.E01
f0182024.jpg,"641a60e48204f632e93e8906ad85fd18ea5ba14823eef01034e17fd96b25537e",AVX-512,12,0.000227,36.979,8798,2011-10-19-Sample.E01
f0182008.jpg,"5e2fe6aa0e82c043bb16c2cb0b3003cdd40e0ae6e758428262026fd3000faf88",AVX-512,12,0.000248,25.426,6620,2011-10-19-Sample.E01
f0181992.jpg,"afde8fd88d9fbeae9ea566fcbb5a7e866dc6eb62e66dab301301ee0ffbe37d7f",AVX-512,12,0.000257,24.207,6536,2011-10-19-Sample.E01
f0181976.jpg,"2dbc54c7303e9d7eb4b654dc7717f7b56ce05c1388bccf7d3fe3713bbc8e4169",AVX-512,12,0.000267,25.374,7112,2011-10-19-Sample.E01
f0181952.jpg,"7cc0eb85b21fa2b394adb8203343d65dab97c6a42fc44f7f58e895fedb8e83f8",AVX-512,12,0.000265,36.338,10086,2011-10-19-Sample.E01
f0181928.jpg,"15fda791f6ce612c67a914f3873438006dcdd49b5e7b823a32ef3e2636d122a9",AVX-512,12,0.000223,38.779,9076,2011-10-19-Sample.E01
f0181912.jpg,"c54c057252e9813d01775c0a70fdf75b2af42d095c6bd9dbdffb7eb391a7dafc",AVX-512,12,0.000235,28.338,6986,2011-10-19-Sample.E01
f0181896.jpg,"cbd2c55c0583eaa17de0b4f4508e8301c3c5187380f5c8d040ad383c1ec68851",AVX-512,12,0.000248,21.005,5458,2011-10-19-Sample.E01
f0181880.jpg,"a1e2d45085e5aba888e315b177cec64fb8c252c9ee13013e9ab8b43b7afc4185",AVX-512,12,0.000232,33.407,8120,2011-10-19-Sample.E01
f0181864.jpg,"3b2ef07778706df4f978c4d8ca90dfa1396c9b2fa8ec4d2f9304380f4cff9a65",AVX-512,12,0.000228,22.17,5291,2011-10-19-Sample.E01
f0181848.jpg,"28e790a2fa7e789f316400f50267244264c1835d4a8fc5991bb65b27b851ab88",AVX-512,12,0.000235,30.217,7430,2011-10-19-Sample.E01
f0181824.jpg,"1c70e40968a551bc2bd80a8fd678a8da93904f48a809ae08bf572fc9f1d544bc",AVX-512,12,0.000239,46.013,11541,2011-10-19-Sample.E01
f0181800.jpg,"29b4a1870eca14f0e68dbaa120a0dcd492172bff83066a89abf9d162d0568c2f",AVX-512,12,0.000212,39.844,8849,2011-10-19-Sample.E01
f0181776.jpg,"8c22c2351de149b5205cc518df19a4db470f60938ca3367e961395b67bca5b40",AVX-512,12,0.000253,42.52,11298,2011-10-19-Sample.E01
f0181760.jpg,"3d385f5d00f72916a2a012bc46573e0c73de41e8e1d60867427709daf38d8f32",AVX-512,12,0.000284,24.472,7298,2011-10-19-Sample.E01
f0181744.jpg,"fb3fa2b5e8479ad759ae661b54bcb06b23e28717e73b67f7d66d26274e2a1eb0",AVX-512,12,0.000212,26.106,5817,2011-10-19-Sample.E01
f0181720.jpg,"304d08289832eee16238018c3a2bf5806d60454a004604d0beeb27b2b3c7e74e",AVX-512,12,0.000315,26.769,8853,2011-10-19-Sample.E01
f0181696.jpg,"1298d7c24dec6c694b6f54f4abecfcde9e867b438e9b0e3b6e630bdcdac2449e",AVX-512,12,0.000255,43.326,11562,2011-10-19-Sample.E01
f0181672.jpg,"6881e14ea0489eec08b68901d65e21a1529e64d827a446c9df2394d778035c2a",AVX-512,12,0.000276,36.881,10662,2011-10-19-Sample.E01
f0181648.jpg,"1246076e83280b8aa25fd79c4d61657da4c9aa47ae1a248321c1e333f528769c",AVX-512,12,0.000321,30.035,10116,2011-10-19-Sample.E01
f0181624.jpg,"8dc5745584535a09bf6a08aa59bbcd117478d0faccc501630865375f5a288c44",AVX-512,12,0.000234,41.061,10062,2011-10-19-Sample.E01
f0181600.jpg,"dfe1e700b275ccef14104ee71d4ec4bdbc7cd479041e6488f235ddcb8cd161b5",AVX-512,12,0.000257,32.92,8868,2011-10-19-Sample.E01
f0181576.jpg,"9a18b89e6a5045394c9159e3c744aa5be7aa41724aba5730192c7bbe1599253b",AVX-512,12,0.000237,40.061,9943,2011-10-19-Sample.E01
f0181544.jpg,"20c0aee088710a343b63221e0f2fd42e58a407918ada31c538e8d0bf82be6c52",AVX-512,12,0.000257,53.544,14418,2011-10-19-Sample.E01
f0181512.jpg,"ea7d8dd5cd08d9931cd642c5b8b267aa10f0e3f7f796dcfb8a681af071cf2c1f",AVX-512,12,0.000424,33.211,14769,2011-10-19-Sample.E01
f0181488.jpg,"e8b6c4ad5edc2c2569727bb40e83f6b19f9795b6740645fa4412eacc242e5c7a",AVX-512,12,0.000247,43.194,11178,2011-10-19-Sample.E01
f0181464.jpg,"8d448f7eb4e152f50460f88c2a263a680e872c2404eafc520e5f1a63ec0908b3",AVX-512,12,0.000308,35.659,11524,2011-10-19-Sample.E01
f0181432.jpg,"292f98daa372d3dbc789db4ae2ad1bdc6214327f74b4817600533a7ffd9ea6bf",AVX-512,12,0.000287,45.555,13695,2011-10-19-Sample.E01
f0181400.jpg,"3e7d711ded593418978a761473f9d91ae02c312c3b8a750bb4688e517deb8608",AVX-512,12,0.00029,45.955,13955,2011-10-19-Sample.E01
f0181384.jpg,"e9d2b95fa12ccc48d1ddc135f47c61ee573dcc6cc2790560a0f69b0bded1a9aa",AVX-512,12,0.00028,23.106,6784,2011-10-19-Sample.E01
f0181368.jpg,"c047c73ff9cddcff23ad50337334811d4a57729c0b4329b7770e3247245068bb",AVX-512,12,0.000227,22.279,5310,2011-10-19-Sample.E01
f0181344.jpg,"0bd6fff8e5189c7caaf23ec558d4b43a0904d7c0229194b9c5633c6fc7db9736",AVX-512,12,0.000254,32.001,8540,2011-10-19-Sample.E01
f0181320.jpg,"ec5d2a0c3718a1c6b53312dd1b64e28def881d791cc0db69727087352f57f9fb",AVX-512,12,0.000219,41.301,9480,2011-10-19-Sample.E01
f0181296.jpg,"da9ff21c6b7b2be7830b32da0b6e0f4e237c5bf678956cd386596560b651b6ca",AVX-512,12,0.000256,30.924,8285,2011-10-19-Sample.E01
f0181288.jpg,"32212e2e1b1efe79f76286c21e9874792cd7517624a17d7cee63191d53d198d9",AVX-512,12,0.000255,12.062,3229,2011-10-19-Sample.E01
f0181280.jpg,"19736df6b3bef5e42010682058f6b582619fd79fc5881f176977d71d010f4f0f",AVX-512,12,0.000289,6.9,2093,2011-10-19-Sample.E01
f0181272.jpg,"318aceb938b0a0ae602e1bacf960f5530d6580392befffa66cf28b361637fd9a",AVX-512,12,0.000217,12.832,2913,2011-10-19-Sample.E01
f0181248.jpg,"8ee4d4d8f0c4b7c3bd9f817bc456d4df6af039442e7c423ecb3a0f4dd4ca29bd",AVX-512,12,0.000232,45.877,11170,2011-10-19-Sample.E01
f0181224.jpg,"89c11cf720249de4eef8702e1f5e74999f2e473c4cb8026dff3b9a70a31c4435",AVX-512,12,0.000259,33.73,9171,2011-10-19-Sample.E01
f0181192.jpg,"13f7c8b073a7122af59ab241eedafc94c9f50d8e18cfe6f86cfa0175bcaee4f5",AVX-512,12,0.00023,51.852,12478,2011-10-19-Sample.E01
f0181160.jpg,"ddefc63ee4aa008dd7055fde1dd1ada7907fa3a362b1d41b648342d83c221058",AVX-512,12,0.000262,44.943,12366,2011-10-19-Sample.E01
f0181128.jpg,"d67edecc4d3ed1f31b669c2f710a4d6c4b4902a7de3d64ebba6970ca2ecd2f9e",AVX-512,12,0.000238,52.656,13141,2011-10-19-Sample.E01
f0181104.jpg,"be27b184819af0deb6b93c14a4627e73df5a0982018eb29fc6ae352fd83518a4",AVX-512,12,0.000245,44.541,11438,2011-10-19-Sample.E01
f0181072.jpg,"5e0aa89b8fcdad833fd7fc070f83cdd9bcb5160f8cbbdd9151faf44444d97557",AVX-512,12,0.000257,46.791,12629,2011-10-19-Sample.E01
f0181048.jpg,"41fa8291d6168315c5bab4d27b1a154561f54f2fa8324fdb339720646e303f24",AVX-512,12,0.000297,32.28,10053,2011-10-19-Sample.E01
f0181024.jpg,"3815c7c5df7955e93ec6f529b0a29ea53ae61e900a96af87173e1a0a0ef873a2",AVX-512,12,0.000238,42.891,10704,2011-10-19-Sample.E01
f0181000.jpg,"a500a6a265b6e6a25dbd06e4c686593d88e03d89761752a8fbfad5a6527acc37",AVX-512,12,0.000235,47.753,11772,2011-10-19-Sample.E01
f0180968.jpg,"cd4cbf57b4a794784d98ac3715a4545d3979d976f592df6102ca436a686a7256",AVX-512,12,0.000239,57.647,14447,2011-10-19-Sample.E01
f0180944.jpg,"a8b0b7aa66886ce7238ccfbfc5cfce74ff6c49f28af8c0ce1db446472d70febf",AVX-512,12,0.000246,34.9,9017,2011-10-19-Sample.E01
f0180904.jpg,"a783ec96af7e72eab4d61fe345518a8088e48057a73b2e07c230646d7b67926f",AVX-512,12,0.000206,76.669,16537,2011-10-19-Sample.E01
f0180872.jpg,"391071e6eeb015236b3d5cb99399cd0b74903c83fbe816c301277de9aa59ef12",AVX-512,12,0.000267,48.907,13713,2011-10-19-Sample.E01
f0180848.jpg,"23c01e8cc566cd64187793ae9f7a128b64d89cb1c01f91cdf1dc1d04a848586e",AVX-512,12,0.000249,37.928,9891,2011-10-19-Sample.E01
f0180832.jpg,"85e58be2f5cdcced432324c60d5bdc78671bc23fc5b73234c0af1e90f1335aab",AVX-512,12,0.000236,27.173,6733,2011-10-19-Sample.E01
f0180792.jpg,"d708fb4cb373075b4465fd728e6249de4e9bb34e914689b2c92a0f1edff0285b",AVX-512,12,0.000263,60.636,16722,2011-10-19-Sample.E01
f0180760.jpg,"72fdc0029743cfbd7c0b6b91292c452549af4eaeeb7fb10e7cadd9d273bc034d",AVX-512,12,0.00032,39.5,13254,2011-10-19-Sample.E01
f0180736.jpg,"e011479ae1989eb3c8736ea1080c83f4a49109c28531e8b4f7a427aa74913472",AVX-512,12,0.000217,42.808,9754,2011-10-19-Sample.E01
f0180720.jpg,"c5a6c1d09faf1fe41e2e7dc971cb73c72b42a95b92c4779666bd6534e79a4d9d",AVX-512,12,0.000231,17.624,4269,2011-10-19-Sample.E01
f0180696.jpg,"65a54be694cb04bc0ff5ba32a575221c055e8d34a0d5f2dc25f0b96112c4d7da",AVX-512,12,0.000238,33.702,8400,2011-10-19-Sample.E01
f0180672.jpg,"9a75e58e993615ed4f13e1433ffc622770f4b8aa5d462e9f7eea89cce72c9ab9",AVX-512,12,0.000239,48.683,12180,2011-10-19-Sample.E01
f0180648.jpg,"4061d1355466357d46e0a87d4f2cd6e056445fd709203664da4d4afc4dc6fff7",AVX-512,12,0.000253,45.521,12081,2011-10-19-Sample.E01
f0180632.jpg,"b270cb7f1649979d660e1f2425f92a10ab15f7cb2b7e74d90785c76a33ec7845",AVX-512,12,0.000248,30.996,8067,2011-10-19-Sample.E01
f0180608.jpg,"3a74150bf0ed6e7a333a83b0a7e5e31ce3ff311ccdb5cc88a7d8f51a9bfb917a",AVX-512,12,0.000253,33.186,8804,2011-10-19-Sample.E01
f0180592.jpg,"46a416b73f7ded56e3ba1255bc84e750795e193511b143dcd8ac9110c04cc747",AVX-512,12,0.000226,28.023,6635,2011-10-19-Sample.E01
f0180568.jpg,"5a0e17006485303ee9577203fd63dee1fd265014dc0b4f9827fc61504e9e801d",AVX-512,12,0.000219,40.218,9244,2011-10-19-Sample.E01
f0180544.jpg,"93b7cceb983cd946127747fe7e3da81f44ec9c53a35cbe26373fc40a87fb9eef",AVX-512,12,0.000227,47.264,11270,2011-10-19-Sample.E01
f0180528.jpg,"f50c604b2bdeba85546ad4582800c649e1be42b6fc981c1a825aa97b8f1a0821",AVX-512,12,0.000243,30.271,7710,2011-10-19-Sample.E01
f0180504.jpg,"16e9cd343046b1d0f94a239c5142451eb58fa386f0d8a144c5510534467abf3c",AVX-512,12,0.000231,37.095,8989,2011-10-19-Sample.E01
f0180480.jpg,"2a6f3e6a60569fac66212c4b777e789e5252b90838353a5d7f18f41f42e3b7a7",AVX-512,12,0.000244,37.568,9604,2011-10-19-Sample.E01
f0180456.jpg,"69c6199d8f0832048713848a443f80aadb42c5b954f62aaac5dd7aebc72c5367",AVX-512,12,0.000226,39.27,9298,2011-10-19-Sample.E01
f0180432.jpg,"aa335ad75c35f62352e07025469e2bd60d5ad3148f547519334cdaed51d68154",AVX-512,12,0.000256,35.405,9515,2011-10-19-Sample.E01
f0180408.jpg,"6354ec21d6ecc34233a30c6b13f14bbe7dd68f16f952f0d884528c4c62ac2197",AVX-512,12,0.000224,49.304,11560,2011-10-19-Sample.E01
f0180376.jpg,"41661afe5bc05f6f43a10bbde56e6a7f0a14c3542c1040cafb3827969a1dd38e",AVX-512,12,0.000271,44.078,12530,2011-10-19-Sample.E01
f0180344.jpg,"2541ea4d07f7b4367237139173d0f946e25b13887b593f703f6ce54d120e511b",AVX-512,12,0.000244,50.486,12901,2011-10-19-Sample.E01
f0180312.jpg,"3b2bbdc7d6c158a38049b71499e491c5579b8b087600b9f011d0216293bb25f6",AVX-512,12,0.000228,53.537,12777,2011-10-19-Sample.E01
f0180288.jpg,"0abda068231e6c0dad9e81dffc892ea4be35bf92c8196151b857d71303facaea",AVX-512,12,0.000236,42.031,10388,2011-10-19-Sample.E01
f0180264.jpg,"5270c181c8645cae3ce27ac8219f396b71a7c493cb696273df1644462e3e816d",AVX-512,12,0.00034,34.197,12181,2011-10-19-Sample.E01
f0180232.jpg,"ccc8a2d7046e097953472a3de5cb9d7765ea88ff7348fc3df21c0eb2cad1bb20",AVX-512,12,0.000261,48.445,13233,2011-10-19-Sample.E01
f0180216.jpg,"7ffadbe2d1b13cf55f4339b2c3d50840d530782ee2e4e2b9e2ededf46ba8b8e5",AVX-512,12,0.000228,30.479,7290,2011-10-19-Sample.E01
f0180200.jpg,"44e1e3cdbec26a2934b14986a212e6a1cb347c40d4b0d674b229c97c80a00fab",AVX-512,12,0.000239,18.606,4655,2011-10-19-Sample.E01
f0180160.jpg,"052e72da9265d2ce74609b7ad18830426dd5fcfa0b4333f47858a90f4e564124",AVX-512,12,0.000243,65.381,16680,2011-10-19-Sample.E01
f0180120.jpg,"fe747f9f4f19bb16b91688d524ec2f7e626891620108ededcccf2d31b09a896d",AVX-512,12,0.000232,71.25,17348,2011-10-19-Sample.E01
f0180080.jpg,"7e22c483ac7513e2f8b18f46ac3180eef6282f12d4396e3a4d0d3aeda2e8eb69",AVX-512,12,0.000292,53.853,16506,2011-10-19-Sample.E01
f0180056.jpg,"43cc8fe4a94ef0e3b76b600839966357b693ac8f95a43434e9950392b27fb69c",AVX-512,12,0.000276,32.313,9338,2011-10-19-Sample.E01
f0180032.jpg,"412a5cf635989addea88d44b257c145e7e1ee95ec1deb5e966da116b0e162ce3",AVX-512,12,0.000298,32.37,10125,2011-10-19-Sample.E01
f0180000.h,"fcac83db0a6ecc63ba216af38e046a56a1482db163dce267c8f12c875d4c2fb2",AVX-512,12,0.000222,62.35,14501,2011-10-19-Sample.E01
f0179880.h,"587a111eb6227b62cb0b6879b34fb13be34c3d281eb560c6ec0cbaaa20bf858b",AVX-512,12,0.000722,80.429,60874,2011-10-19-Sample.E01
f0179872.gif,"f8bce009c7254cce20a6495fa32b6a120cb8b44e2dff5c881582cdda036a7eb8",AVX-512,12,0.000209,4.684,1026,2011-10-19-Sample.E01
f0179768.h,"1c18e10c8602885ca20ca3fcb9f18f8d3ef1722dee0a50ef99be41da013d603a",AVX-512,12,0.000694,71.447,51970,2011-10-19-Sample.E01
f0179760.h,"9ef1691bc11526941444879db76ccfeffe2e4946bf51e5fae5be206bd709d6fa",AVX-512,12,0.000234,8.434,2073,2011-10-19-Sample.E01
"f0179712_Twitter_For_Websites_Tweet_Button.html","b4314b22b4f27fff970808a135b8bb400bff72bb5710bc37c86048c30f65cc14",AVX-512,12,0.000244,83.275,21306,2011-10-19-Sample.E01
f0179688.jpg,"d262bd7d974f67c3c86fb2da53fb0b3065a276f5356f145263755592128059b8",AVX-512,12,0.000246,41.057,10569,2011-10-19-Sample.E01
f0179024.h,"a9c5270e5c4cc76e1cbe900c1cdaeb54c29b0b7a6dc87a83bd46588a5deaa35f",AVX-512,12,0.001022,314.433,336960,2011-10-19-Sample.E01
f0178992.h,"00a7df346bea6bff47a20f375e83ad877f670da322e3560c142ecd04f2a0a8ff",AVX-512,12,0.000261,58.703,16041,2011-10-19-Sample.E01
f0178968.txt,"cbd1ac5d17756075bc52dde0ede06a6cc29195c3ac6fdbe1368460413307354e",AVX-512,12,0.00025,38.265,10043,2011-10-19-Sample.E01
f0178944.txt,"cbd1ac5d17756075bc52dde0ede06a6cc29195c3ac6fdbe1368460413307354e",AVX-512,12,0.000228,41.971,10043,2011-10-19-Sample.E01
f0178936.png,"020a3459256efe21d9afd7a2461372be75874202878054e998a29ea15cdbccc6",AVX-512,12,0.000216,5.585,1265,2011-10-19-Sample.E01
f0178928.jpg,"e25eab617e87942e84c6113ddc00064068e2f6ef0322b3a6dfa09e2066fe7607",AVX-512,12,0.000235,5.176,1275,2011-10-19-Sample.E01
f0178920.jpg,"71d94c9dee1c79b8cf94076e9a846482a70dcd94ea1afedf93a10de3abeedddb",AVX-512,12,0.000252,6.901,1822,2011-10-19-Sample.E01
f0178912.jpg,"47bd655d7f37a9a98c00d809451afccd41d0f05b1f01752965bff94f1c606ec5",AVX-512,12,0.00026,4.64,1266,2011-10-19-Sample.E01
f0178888.h,"7f72de6d8c1ef3bc1468e2b6633e2f0aea332a00519601163a3f639dc8dd460a",AVX-512,12,0.000272,32.503,9260,2011-10-19-Sample.E01
f0178880.gif,"0ddd88dec04a45ec43e537cf7838767e29e77d7529aa2bec8a84fb7071fe14e2",AVX-512,12,0.000233,3.944,962,2011-10-19-Sample.E01
f0178872.png,"a106c8d5de08be827eccf193ea30df3ec4df6dbc39da1e312d196a824f608d4d",AVX-512,12,0.000218,5.484,1253,2011-10-19-Sample.E01
f0178856.gif,"c950512173d6a6b0ae8a2cfab37e03451076b9d98c71e57e5d9cf96b2049b5f0",AVX-512,12,0.000251,19.837,5223,2011-10-19-Sample.E01
f0178840.h,"300f89a6892d4987c6bd95742a0a9eb47a9e93c5c42f9a1b8aa0c4806ae14129",AVX-512,12,0.000236,27.106,6722,2011-10-19-Sample.E01
f0178832.gif,"6e0bd575ad19af66ef29f472befbcb8567c3284a96bc17596ecee4ccfac369f8",AVX-512,12,0.000237,13.163,3267,2011-10-19-Sample.E01
f0178760.txt,"b89c6ff95f5b2a97c83baa8f246310168a05f76fd4347a44035f601c50e78238",AVX-512,12,0.00027,20.191,5710,2011-10-19-Sample.E01
f0178696.jpg,"037238eb1fe5758034eba12aba59f7685c37650ad1dfdeb9a2d2d0d77a4b329e",AVX-512,12,0.000247,14.384,3730,2011-10-19-Sample.E01
f0178688.png,"770a8629f2c531de4097d3b9de5c8f1a8463305105328b78c802439b1d9eb67f",AVX-512,12,0.000248,15.493,4037,2011-10-19-Sample.E01
f0178672.jpg,"9d5676336bcdb96bd124b2e9a6a791e0b4e5f560588e1dc88cf6bb79b5615aef",AVX-512,12,0.000296,13.54,4201,2011-10-19-Sample.E01
f0178656.jpg,"54c524f1980696d1bd39b4bc7ed2280cee6409cc6912ad90ce0f0612d2e42cce",AVX-512,12,0.000256,15.283,4109,2011-10-19-Sample.E01
f0178648.jpg,"6b4f66497334ae3f7e63930a912308093c26c49b19b856c0c2d6d3d7dc12813b",AVX-512,12,0.000259,14.911,4051,2011-10-19-Sample.E01
f0178640.jpg,"83f0a57323efce23ddf3d799a5ea1a092a70aeab30213049edc5125c12dab7a7",AVX-512,12,0.000222,16.643,3876,2011-10-19-Sample.E01
f0178624.h,"ce569f74172c4bed147d4a66003c0e97c6c351846312c291bd8f7d73c15d0447",AVX-512,12,0.00028,15.223,4463,2011-10-19-Sample.E01
f0178568.txt,"1aca9078aea9ec202587ea3d116e9dae23b20e3e55da13ca1b79fc942464ffc1",AVX-512,12,0.000272,96.958,27613,2011-10-19-Sample.E01
f0178552.h,"ce569f74172c4bed147d4a66003c0e97c6c351846312c291bd8f7d73c15d0447",AVX-512,12,0.00037,11.497,4463,2011-10-19-Sample.E01
f0178288.gif,"9950790b71e869646eed62d38568a7b0ce15d4a1c0cc145b70929bad8d496d47",AVX-512,12,0.000223,4.544,1061,2011-10-19-Sample.E01
f0177824.java,"1a670454177770f0382bccc68ebb0fd2fc16526fdbcda8cadfb283f03b846cb1",AVX-512,12,0.000703,320.532,236347,2011-10-19-Sample.E01
f0177808.jpg,"60dc63c5cdfead43e4548d00d019ef3c29f84e978dd51c94ae6659ed7b9c3492",AVX-512,12,0.000248,21.002,5457,2011-10-19-Sample.E01
f0177752.jpg,"7fd5eeb443c04707b43e7fcccfb388848f20592326d45a7081095e267058f6cd",AVX-512,12,0.000259,99.007,26847,2011-10-19-Sample.E01
f0177744.txt,"d3b641075e9ba6c8abaa0dac61572fd99bc16858a66eda6ecb6622af3f546fcf",AVX-512,12,0.000228,3.279,784,2011-10-19-Sample.E01
f0177480.java,"9f1a8d82dfd03802da935cc323fd3e279e5447736cde8afb683054b87637d841",AVX-512,12,0.000774,163.416,132628,2011-10-19-Sample.E01
f0177264.gif,"4ca0ec70758bcd44b3379bb6e81bf9261583f781e7a150a867dffc5073d3222a",AVX-512,12,0.000198,6.842,1422,2011-10-19-Sample.E01
"f0177272_New_Products.html","d5b8064d15c13eea6b672d60fc93a0c530ba3b59a6af04f36e62b3bf588cb986",AVX-512,12,0.000695,143.938,104851,2011-10-19-Sample.E01
"f0177184_AddThis_utility_frame.html","5bbd8619d60e8ccce6b4e705fd8182a48166a7c22fd6441c20c32798dfaec821",AVX-512,12,0.001023,37.447,40157,2011-10-19-Sample.E01
"f0177176_Redirecting.html","adaa975d4d566ff059a0a659078339cdca605e9a6eb317587f7c7858afa772f9",AVX-512,12,0.000234,3.898,958,2011-10-19-Sample.E01
f0177160.h,"07f351da11e5d0cf860cad29c94f33d56c28de87c466e3bd524f530477105056",AVX-512,12,0.000225,4.59,1081,2011-10-19-Sample.E01
"f0177128_GUARD_DOG_SECURITY_quot_Sniffer_Dogs_and_Patrol_Dogs_Security_K9_Units_quot.html","bf70813dde7ca5ba7fae0da9640817a877765395ff407ae6e87fc84efa38d363",AVX-512,12,0.000255,57.423,15324,2011-10-19-Sample.E01
f0177120.jpg,"fa9686f49e9dd525bee531da9a64eed64a633a3ea1e279f94cef8acf596e3ad9",AVX-512,12,0.000221,5.551,1288,2011-10-19-Sample.E01
f0177056_gmail_Bing.html,"ee5a0ffe7c4daf9c38b80723bdd41aac983454983ebf0101ad38066dd03fb44d",AVX-512,12,0.000421,71.897,31754,2011-10-19-Sample.E01
"f0176992_dover_to_calais_foot_passenger_Bing.html","5faaa797f5960303f3f1791b230e7a6f9f0d9ea3311249168a2297b9d3a40393",AVX-512,12,0.000279,111.197,32566,2011-10-19-Sample.E01
f0176888.html,"728f27af7f39852315c24765cd4e46e21f67ccc1543eb65ac6802567e194b554",AVX-512,12,0.000783,61.997,50915,2011-10-19-Sample.E01
"f0176592_how_to_mask_firearm_smell_Bing.html","e10b5b89cad03c0c5bec650522c177354f72ae377a438ee6cc6aea1b5b1cb88f",AVX-512,12,0.000293,81.614,25083,2011-10-19-Sample.E01
f0176552.png,"31174282fca1337d5f68e912c1ee295cff64c5c535e278e43830a703993c69e7",AVX-512,12,0.000318,50.055,16696,2011-10-19-Sample.E01
f0176544.txt,"30fc6ecafe4d8fc887e6e946bf6c1c354d81ceba942d8daaea305cd563ae0049",AVX-512,12,0.000234,14.718,3616,2011-10-19-Sample.E01
f0176416.txt,"0d2f8a33c57c76c463869b28680b2cd38331110a10c77b1ca34cb98e57ceacf1",AVX-512,12,0.00078,75.536,61772,2011-10-19-Sample.E01
f0175904.f,"433d6f65936df23361c39d58127c09d5e00ce3d6867b17147e3bff70f8a84d75",AVX-512,12,0.000817,299.018,256290,2011-10-19-Sample.E01
f0175888.jpg,"3372405c74cf2919d31e801e3125c99c8b9667c057888acbc20b652f4611fcfc",AVX-512,12,0.000243,10.141,2586,2011-10-19-Sample.E01
f0175880.gif,"64fbc594c0b69047a9103ac2822f783718087ce40350145403fc6b44f76e9f5e",AVX-512,12,0.00023,13.388,3226,2011-10-19-Sample.E01
f0175872.gif,"22271f95bc2b888d044f3e05a1b3ead972b4d91f895df2a59ef7546d8a719490",AVX-512,12,0.000264,3.802,1051,2011-10-19-Sample.E01
f0175864.png,"1a6e0dc20612473b48eb47f6c404e1149e103aa993e6ba4574dab97796604b36",AVX-512,12,0.000238,4.333,1081,2011-10-19-Sample.E01
f0175856.gif,"904aea9576daa62ba7023f1f8cd9f67c2f18f883f4a8ec2a7e13a745c2c8bbe0",AVX-512,12,0.000239,14.569,3648,2011-10-19-Sample.E01
f0175848.h,"ce05e63b11e4a5907a02ee0fe97410ee11c7fa49f95dd511c851728b658b18d0",AVX-512,12,0.000234,7.264,1780,2011-10-19-Sample.E01
f0175840.jpg,"6ad58c11151751f309212fc962d81f7ca2c3e4fd6456abc7f89c0e2882b3a729",AVX-512,12,0.000327,6.61,2270,2011-10-19-Sample.E01
f0175824.gif,"47781b3295a83868c29ba40af5c40152d8847058176a6a2998f6b225bd6a26de",AVX-512,12,0.000251,3.067,807,2011-10-19-Sample.E01
f0175568.jpg,"8b13f6e8e680c6d769cbea30efed41d8192b4d603bd5c9d2d799b3a060d961bd",AVX-512,12,0.000254,9.958,2648,2011-10-19-Sample.E01
f0175560.png,"7645b7467b24d6a64df9dd28448b78b2de6be61dd54202f4d9c1ac87b46f6278",AVX-512,12,0.000228,2.39,572,2011-10-19-Sample.E01
f0175552.png,"4cf83268378f0c9901189fdd1f6637acac3e85031545f52fe52bec7cbe40cd6a",AVX-512,12,0.000226,2.692,638,2011-10-19-Sample.E01
f0175392.h,"743a6d563a7158d6d13174a39a73803bc446fb0631d4db8892a381a53f23eb9b",AVX-512,12,0.000761,102.087,81494,2011-10-19-Sample.E01
f0175200.html,"222a62a522e09a698a4b15722872ef7d868eb06b0810acc2b81c8d0c3e673ee6",AVX-512,12,0.000647,142.82,96953,2011-10-19-Sample.E01
f0175192.jpg,"6c2c029ead06f885b489cdc3ae45f4d1483e3ff5a541228a5de1c9318dada018",AVX-512,12,0.000243,6.136,1566,2011-10-19-Sample.E01
f0175136.jpg,"f8db4aeb944f98a16c6f5f53b934b8ad651b06303986bdcb1a520e463235955e",AVX-512,12,0.000218,108.583,24764,2011-10-19-Sample.E01
f0174768.h,"0b9b01288660d58c3fdef86f07b21cbe7ac6975b252b86e64825ff558cdfb0fe",AVX-512,12,0.000694,255.122,185548,2011-10-19-Sample.E01
f0174760.jpg,"cd8b973ec25abbf21db347a5be24774d688ec071eb3e5539b66c318a9fa83b11",AVX-512,12,0.000223,8.043,1879,2011-10-19-Sample.E01
f0174752.jpg,"69feb3f19b8ea0d1cee67206d1f81580fd51d20a8f473e07d4695ae5566affa4",AVX-512,12,0.000225,7.381,1743,2011-10-19-Sample.E01
f0174744.jpg,"0bbfd821bea4543c76551f0e34a69f469a580d89c9aaf8438d1667402fce21e6",AVX-512,12,0.000227,7.008,1666,2011-10-19-Sample.E01
f0174736.jpg,"17a0c70fab59778c233bcbc4d8633b1f055663b7f9d2be7e107b3ddebdc779c7",AVX-512,12,0.000219,7.427,1707,2011-10-19-Sample.E01
f0174680.jpg,"1a1974b2313d60c767fa97570ac00fa2813c489e7c697dceee5d53d389524190",AVX-512,12,0.000239,111.277,27852,2011-10-19-Sample.E01
f0174624.jpg,"ad71a752b87f77aa1577fd125c806020746966e856802dbb6dbed5b4e5b2609f",AVX-512,12,0.000269,96.421,27177,2011-10-19-Sample.E01
f0174616.jpg,"f31d8870770da6b040d785bf5cd0a64e5ea8e09012dad672b2bbcd6c5d07616b",AVX-512,12,0.000229,7.313,1753,2011-10-19-Sample.E01
f0174592.h,"a1eec6f8b89a6b70522fa95960d4f165e620818d2fafdf431cdb6e687bcebc61",AVX-512,12,0.000274,31.747,9108,2011-10-19-Sample.E01
f0174584.h,"5941b40a19b8392fc0acc9063e46e32d01a6c0ff2473d564c473efcc1d9250c4",AVX-512,12,0.000217,2.922,666,2011-10-19-Sample.E01
f0174576.gif,"271abb1404d2b9180efba916085366003008a825f7466e05e5868649167c0a21",AVX-512,12,0.000271,6.454,1834,2011-10-19-Sample.E01
f0174360.jpg,"34e593489a62de61a21cc84af9644f1de82c37a368376b4b2bbecb5936ac0d0a",AVX-512,12,0.000779,134.217,109648,2011-10-19-Sample.E01
f0174352.gif,"a6c4882f9f7638e87be625e5dbfe66af825a3788e2d5d551cb9d71601f8ee56d",AVX-512,12,0.000257,11.984,3227,2011-10-19-Sample.E01
f0174336.h,"847f486e6dbd3955aba32ad88a7fdc87797d6949502defc3abd3912af37afa5a",AVX-512,12,0.000258,28.02,7592,2011-10-19-Sample.E01
f0174328.gif,"2b2836c3e7e859c1501dfe2950af883896b8a2600081c49b283fdcdd0a6abf8e",AVX-512,12,0.000222,7.68,1791,2011-10-19-Sample.E01
f0174320.jpg,"e55acb76c85caaece1fe7eac42c26302e5d9d2203596d9ce3f68ba7a138a6a88",AVX-512,12,0.00025,15.467,4053,2011-10-19-Sample.E01
f0174312.jpg,"2fd45e589ea22b6c44d3ba8c2f1bce6d533840e000e173504edf197265401c31",AVX-512,12,0.00022,16.058,3701,2011-10-19-Sample.E01
f0174288.jpg,"1e0bb843cf66f2d436ddec95a4c5a7106ccbb958a86771100f225400cbe4ef3c",AVX-512,12,0.000296,32.372,10051,2011-10-19-Sample.E01
f0174272.jpg,"8ec06947b242162b472e1e4ef6c6e8426b587f423287f5471e16ece51901be5a",AVX-512,12,0.000242,20.624,5240,2011-10-19-Sample.E01
f0174264.jpg,"b0d6091483e8c3eb823f20b2ead5b509e35c8ff6e8177d6890637328fa86c5d9",AVX-512,12,0.00024,14.633,3678,2011-10-19-Sample.E01
f0174240.jpg,"5b9d00c3ac6dc2372a02d22924bbf97dac86effa80defbba78deacf3e6b15e06",AVX-512,12,0.000351,26.461,9750,2011-10-19-Sample.E01
f0174224.jpg,"5a3191bc802a75c1c3d605b3f697dce68204764a9f2af6169289588ae5f6f58f",AVX-512,12,0.000367,13.792,5306,2011-10-19-Sample.E01
f0174200.jpg,"e6f5bcc3dfbf179b78b386ebb8204eae3f8242f89ea0185dc599f8746dae8a13",AVX-512,12,0.000277,32.987,9571,2011-10-19-Sample.E01
"f0174152_Deutsche_Bank_Money_Transfer.html","9910dcd84755d3d54a1b38ce75a93412222b47c467c6e7fd8b921be9d3200036",AVX-512,12,0.000256,79.36,21278,2011-10-19-Sample.E01
f0174088.h,"fe8ae2e3788ceea9ffe63ffe7bbba0858b06ca329f723e5f77caa009b11f2e89",AVX-512,12,0.000259,7.472,2026,2011-10-19-Sample.E01
"f0173784_Google_Maps.html","33df65f03dce47dc85f83219da7de86b3c946af21f10d83f0df10b9335f62107",AVX-512,12,0.000828,178.861,155272,2011-10-19-Sample.E01
"f0173600_Hamburg_Germany_to_Rue_du_Fort_Google_Maps.html","49b3a78ccfd6ecfea531d7ad9227e781ec1546e7866516fb2ac1af53db762980",AVX-512,12,0.00071,113.514,84510,2011-10-19-Sample.E01
f0173480.gif,"3a81503176680655dac84cfba3cc1ab5112d9498a1ad48c7c0c93250e7590dd5",AVX-512,12,0.000603,93.024,58857,2011-10-19-Sample.E01
f0173448.png,"21bb7a66f7fe763bc74c988b198d25bce6c476ceaaae452b43d1ee3392c55266",AVX-512,12,0.000251,48.247,12673,2011-10-19-Sample.E01
f0173440.gif,"e11b8c8ce5e8d58b8b713b64b827de97813a36aa4e3d3f5eeda34c7a249b5bb7",AVX-512,12,0.000247,3.039,787,2011-10-19-Sample.E01
f0173344.txt,"55958095b39af8d15736e9fe5cbde0416abcf4731d9fe81816c0b57b6373eac0",AVX-512,12,0.0006,73.628,46338,2011-10-19-Sample.E01
f0173256.txt,"7b5816ed7b97e8f3e15896f22ff0a0e224dfe6347260287d55a9f85ad0b1e495",AVX-512,12,0.000728,58.08,44318,2011-10-19-Sample.E01
f0173192.txt,"a41d01f01db7f688be32b70cb26fd4a893234fcb88863d16f779538359f567ba",AVX-512,12,0.000324,81.134,27539,2011-10-19-Sample.E01
f0172920.txt,"684826eacfee13a5aff68e22ff63f2ef7063e4599e7ea5f12a30761560de10bf",AVX-512,12,0.000808,162.546,137700,2011-10-19-Sample.E01
f0172912.jpg,"8dac1ca27d449fc1c9439d0756a6e4dc76c4f54378b3fad1114bb1eee4dbc335",AVX-512,12,0.000265,5.836,1621,2011-10-19-Sample.E01
f0172904.jpg,"d7f34cf74ae19885923c061797745bda48c4a7651c82b74846d6413f1c22695b",AVX-512,12,0.000215,7.145,1607,2011-10-19-Sample.E01
f0172896.jpg,"991397033849a2bd5a7bbe00c97c387c93ea4ecee7d0be0a6e5ec2b4d7578507",AVX-512,12,0.000279,5.715,1673,2011-10-19-Sample.E01
f0172888.jpg,"6e5878e3facc025606c6d0cef10d56d8c44560532bce22e1d47d77e4c0c74e6c",AVX-512,12,0.000234,7.156,1755,2011-10-19-Sample.E01
f0172856.png,"de3235d5ecd88360a35b51697cced74b279844dd8555e655f39e112183c77e44",AVX-512,12,0.00028,55.184,16231,2011-10-19-Sample.E01
f0172776.png,"ffd59880fe38c251bbe790015dc68c0a1dd4a13169a6ee21471fcdad7d4ce54d",AVX-512,12,0.000681,54.334,38793,2011-10-19-Sample.E01
f0172680.png,"ebe01c840494b33df0d14ff5f234849ac63443cb4a73bb8f5c9fcb76ef41c67c",AVX-512,12,0.00075,58.847,46248,2011-10-19-Sample.E01
f0172592.png,"51228272312bb45e26a9a968d50a8b5b6fede50403b0f40d6e9773e2d59485ba",AVX-512,12,0.000762,51.926,41484,2011-10-19-Sample.E01
f0172504.png,"a61e7ed737af087dd55d5eb47a291b5addb37ca3dc7cb7d0cee068cd290a7bcb",AVX-512,12,0.000646,64.443,43666,2011-10-19-Sample.E01
f0172272.png,"0f6ebf3eb4b838ae2ff75428da4c333218fb406dd2be8b4b9d91349b92034b64",AVX-512,12,0.000653,72.889,49916,2011-10-19-Sample.E01
f0172176.png,"83423a94dcd49251604263daf6e6a67b42454fabd9332d9c9e586b428c701550",AVX-512,12,0.000737,63.547,49109,2011-10-19-Sample.E01
f0172168.png,"d23eb51267fd33f6bc5120e5dbcb72795920ce8cf6f287a87078af58dbc9e539",AVX-512,12,0.000268,2.119,595,2011-10-19-Sample.E01
f0172144.png,"487f7ba8a2293906224d1eedf4fa4edc92f5bd5b4de1174f332977b2b6b0214d",AVX-512,12,0.000239,36.397,9129,2011-10-19-Sample.E01
f0172128.png,"109ff047f2edda16ac1da14a740f23d07f1a4c57456892feee1ada6b8c4919d6",AVX-512,12,0.000212,31.405,6968,2011-10-19-Sample.E01
f0172096.png,"e54136b89d7e5c638b36197eb92037b8e01578efe0172563e22d30ee02c43218",AVX-512,12,0.000258,49.403,13365,2011-10-19-Sample.E01
f0172080.png,"c05b236aa93209af18e08602581482a46ccf21d30341fe058aed930ed7aa95bf",AVX-512,12,0.000232,29.343,7126,2011-10-19-Sample.E01
f0172056.png,"0e5cf7325418fbd094d0bd345e947632e6a9548a3f1b5721664c25650975f930",AVX-512,12,0.00023,43.453,10498,2011-10-19-Sample.E01
f0172016.png,"73bfb579aae48ed818c62e9b0169fa6c2fa31095ae3214aa131a274c2cf6f772",AVX-512,12,0.000229,81.942,19659,2011-10-19-Sample.E01
f0172000.png,"f9ee95bfedcea45be5b9c7410b917996bc8839970161482f52eafa9b72b7b13f",AVX-512,12,0.000265,26.55,7383,2011-10-19-Sample.E01
f0171944.png,"6170bc536e1b15391c9627b92d8f251388d577e33396b99cb243ac6eada46018",AVX-512,12,0.000273,87.339,25011,2011-10-19-Sample.E01
f0171936.png,"b0c1e20351bfd3adbaa3204c0626b2a9d187204fca47600a8cab6eb1be1d0e4e",AVX-512,12,0.000226,12.735,3014,2011-10-19-Sample.E01
f0171856.png,"cd3198785dbafdea566db2afb69e89e5045363cc7a52c4d8797942962453d6ec",AVX-512,12,0.000586,62.162,38177,2011-10-19-Sample.E01
f0171776.png,"456bd8496fcc1583e11f58b4a767843e6b0a331c46a5d7c1b6985eda1205f7ac",AVX-512,12,0.000805,46.705,39409,2011-10-19-Sample.E01
f0171720.png,"ec6568b3e0611db37d238cfc5a791395bb95185603cc02cb50590be2b71e1a3c",AVX-512,12,0.000267,93.122,26091,2011-10-19-Sample.E01
f0171712.png,"3d960a5bd7e896c12cf370108b50e1b39c25107c6048002ab91f6151e2495d56",AVX-512,12,0.000247,11.131,2883,2011-10-19-Sample.E01
f0171640.png,"f456d47baf5d76481b061457117075b67b2bc2fff4b6971b6818725a9393bb8b",AVX-512,12,0.000598,54.143,33922,2011-10-19-Sample.E01
f0171560.png,"df10ab44f16fa9488e2b550220bc0410069ccd37751fc891e5198cf7fdf720d4",AVX-512,12,0.000783,46.19,37904,2011-10-19-Sample.E01
f0171496.png,"b1d6acb81cbd47dc796d41d976e2a2d1d08c190f6900fe3e13cea45e77000ab4",AVX-512,12,0.000308,97.297,31413,2011-10-19-Sample.E01
f0171408.png,"da42c2be63185f38798a70a363a95b7ead7c924ab836f80904b44be6ccaa4d32",AVX-512,12,0.000831,51.331,44728,2011-10-19-Sample.E01
f0171320.png,"bf9fb52b712d23ee9af6a6fe0c667b48e15ea57db1f4c25fd30f7f9a2dd3b76b",AVX-512,12,0.000583,70.201,42893,2011-10-19-Sample.E01
f0171312.png,"2a9312e21d1c47de2af320b14f7f9d9085c151099593b50057bcfa601eccb9e2",AVX-512,12,0.000203,5.931,1260,2011-10-19-Sample.E01
f0171304.png,"7d895156a6e3532e50b295c500089b74bbf26e3b77576d126b4bb8332a305194",AVX-512,12,0.00022,4.777,1100,2011-10-19-Sample.E01
f0171296.png,"2ac16c8e6f49635ed2621127687f909e837b2bcded41141c5d13e9113c296da7",AVX-512,12,0.000231,10.301,2494,2011-10-19-Sample.E01
f0171288.png,"58fbf75650510715e40445771b4080ba34e266eb514358524403bbc0a8e3b6bf",AVX-512,12,0.00024,9.521,2397,2011-10-19-Sample.E01
f0171280.png,"761f8b0cf0377646825e47ec1a173500afbf53d7ceabdb397fe9592e93254e55",AVX-512,12,0.00028,7.862,2305,2011-10-19-Sample.E01
f0171272.png,"0ea90eda964641ac898954ea78a7b4176423fd983a01c28bdd83f7c2791fd77d",AVX-512,12,0.000217,14.725,3352,2011-10-19-Sample.E01
f0171264.png,"cfd5caea7fe3ec475106b8a6ee62c459cf9d63cfd871621378d18927d5ae9e3c",AVX-512,12,0.000239,5.626,1410,2011-10-19-Sample.E01
f0171232.png,"73c34d67fed5e78eb96136be35195de4c014d926c2632cfc244f4f78a5827450",AVX-512,12,0.000315,39.344,13012,2011-10-19-Sample.E01
f0171224.png,"251f16ed9de6bf1df0d90b8e070a387de775da28110b2500474659235ba3671d",AVX-512,12,0.000225,14.794,3495,2011-10-19-Sample.E01
f0171184.png,"b2c8cc721b47bd83b6005b7bdd6171d38f6fed0a532f7bdbc5d57a9719defd25",AVX-512,12,0.000239,75.0,18780,2011-10-19-Sample.E01
f0171136.png,"c025ce70116f72a2482264e8b4256dd57bc0f5672497b3937fd3dda0cd852cc7",AVX-512,12,0.00026,75.92,20706,2011-10-19-Sample.E01
f0171096.png,"009b022938b1d5496bc501b212746d82d4c167af119b400b7da3eb69166e9b46",AVX-512,12,0.000239,74.628,18726,2011-10-19-Sample.E01
f0171056.png,"94de959fce9174bcaa9b66a05ce4a2c8d05e229ef17716d10657087bc3054f11",AVX-512,12,0.000228,71.162,17043,2011-10-19-Sample.E01
f0171048.png,"d0a6090689f6ebd4cab11a1110f7a80f9c03eae5e3839fd86417fea35dbe6bca",AVX-512,12,0.000278,1.871,546,2011-10-19-Sample.E01
f0171008.png,"c0e5d271fd8930d0534e553ad2324fc7ddb1a5dee10c3e3c06113194877da43b",AVX-512,12,0.000308,60.341,19513,2011-10-19-Sample.E01
f0170960.png,"c7a33c92200708437bb15243f58ae2320c48f6ec9babb0ec85fc4d04f854e5a6",AVX-512,12,0.000227,99.263,23648,2011-10-19-Sample.E01
f0170904.png,"66f79d054e77f64fa76659ad86f413bf7d39cc79349ef8785edca860a4c588b2",AVX-512,12,0.00034,73.706,26254,2011-10-19-Sample.E01
f0170864.png,"e3c549c1877f97c9732344b2616f163bd765205b86728d4a3698952831d1c0ee",AVX-512,12,0.000381,46.775,18682,2011-10-19-Sample.E01
f0170816.png,"a953bebe2bd8ad0d4091027b9f192d5c971974d1f1e338733a18357bab491823",AVX-512,12,0.00047,42.361,20877,2011-10-19-Sample.E01
f0170768.png,"610bd6b112ac1b89d9c58b686a2099ec046488a3e885e386155c78f26bfdde62",AVX-512,12,0.000887,23.973,22302,2011-10-19-Sample.E01
f0170712.png,"84a41b2ff1c80c7953513019e70d789bd3a11a3d78bc644d850c35bec7e545ab",AVX-512,12,0.000314,76.47,25186,2011-10-19-Sample.E01
f0170640.png,"9dd5d0d2e3fda13fa519d09c587d04a37e43a7245bbd5426313d9f8fdf7d7222",AVX-512,12,0.000903,36.349,34421,2011-10-19-Sample.E01
f0170584.png,"c2a55232eb8ac8cdb5188783a28621a11351852bbaa6f33d73f6ddc952c80c0a",AVX-512,12,0.000234,106.869,26211,2011-10-19-Sample.E01
f0170528.png,"a567614e9375381dc7cc8ef329ebd6f8ee66e47a784a73f3b9c0266952080c17",AVX-512,12,0.000297,84.355,26244,2011-10-19-Sample.E01
f0170488.png,"9fb3ef8d836297dc77462cabb8716fa5d0fa4c8d0666aa66547f096159d3ba59",AVX-512,12,0.00024,81.07,20385,2011-10-19-Sample.E01
f0170440.png,"c64099f651e91c417e6fbc31e892fc51dfe626e90d6ffc2137ba006f52e253f2",AVX-512,12,0.000249,85.131,22254,2011-10-19-Sample.E01
f0170392.png,"4bd4abb7f50f3678863cef757f0aa34c0aaa038af1ad9f1f086737bc914d1bbc",AVX-512,12,0.000218,99.538,22722,2011-10-19-Sample.E01
f0170344.png,"4d451713cf026def91975f4143566a2357522d926e4e8c8f2f2a2922fb6079ed",AVX-512,12,0.000274,71.55,20572,2011-10-19-Sample.E01
f0170336.png,"6722ef9bd9c7c22a24a22a2b43900b730adbfb588d8449f002ca596393fd8f9e",AVX-512,12,0.000216,15.89,3604,2011-10-19-Sample.E01
f0170288.png,"7501bebd973eace86625a12f40f83835f7752a23b8a6da9dbf44e7b7582e4363",AVX-512,12,0.000262,77.105,21191,2011-10-19-Sample.E01
f0170240.png,"205b2730b44093f39a1c4a8ae15dddd870d93f233c88c97bbfbf6d516f34f6f8",AVX-512,12,0.000202,99.431,21019,2011-10-19-Sample.E01
f0170232.png,"79a80c8d63a9088d975ce361f1c6ccb046d0ca8731bb4b845af0e17d7cda50b4",AVX-512,12,0.000237,16.026,3976,2011-10-19-Sample.E01
f0170208.png,"403283ea7256575fcc98ef051edd7791bfa77f5cbbbb7eb3443e34d3737033f8",AVX-512,12,0.00023,35.875,8667,2011-10-19-Sample.E01
f0170184.png,"9068016278d7269714f139bb62555111dde7f32bc495a3a020530988ef4f8ae1",AVX-512,12,0.00023,42.278,10183,2011-10-19-Sample.E01
f0170128.png,"9067fd18d2531ec0c5a96c09e3a90ebb866261cc875fa6a7e588b03c08b05148",AVX-512,12,0.000237,106.286,26380,2011-10-19-Sample.E01
f0170088.png,"039c8bb973ba4a2aca3782dbebddca93bb648a18577abcccc33cfcd9c5fb944f",AVX-512,12,0.001111,14.137,16472,2011-10-19-Sample.E01
f0170064.png,"9130e2f625822dd94c80e1df45e62888c54c2594c9be0bd6305501775c860ff8",AVX-512,12,0.000231,42.423,10258,2011-10-19-Sample.E01
f0170024.png,"62502817cd27ff268646b602cf9cf73058a511c1f9a0772be42928bfe893b466",AVX-512,12,0.000236,75.122,18590,2011-10-19-Sample.E01
f0170016.png,"3540bdba88992da83c486bffd37732d0810475db7b72162d3b2fa0986fa7195d",AVX-512,12,0.000229,9.299,2232,2011-10-19-Sample.E01
f0170008.png,"953701a5cd4d3db81bfadc14a1d21d8b60cfba2216275f1bec3ac22be0e39295",AVX-512,12,0.000206,9.379,2023,2011-10-19-Sample.E01
f0170000.png,"4a62fb799adf9c4ecf6ae01713e85a4271d77e6e540f6d9bf5deabedb4a0916b",AVX-512,12,0.000203,3.838,819,2011-10-19-Sample.E01
f0169992.png,"dea1a4296deaeefbe4b364523ab8acaa70f9fdb78d713b294fc98a8b81779919",AVX-512,12,0.000219,5.242,1202,2011-10-19-Sample.E01
f0169984.png,"cc00fafd5fec5ef0af4959c4f8b91f8148153c9f837688323b988feeaf3ed53a",AVX-512,12,0.000487,5.443,2778,2011-10-19-Sample.E01
f0169976.png,"57ade61328f9c03dfdd7c6c77b47292eed4aea80140f665ab4458d9a3d8d341f",AVX-512,12,0.000249,9.422,2461,2011-10-19-Sample.E01
f0169968.png,"80552d2045a3eace14e09d0f196bb0af7519cd7e04931ea2ed8c0006e1e16a4a",AVX-512,12,0.000317,6.34,2106,2011-10-19-Sample.E01
f0169960.png,"e272bb3543d2439f7a83080d64f793e3b0509c76462927cef22cb3c3a23d5aa0",AVX-512,12,0.000347,2.665,970,2011-10-19-Sample.E01
f0169952.png,"143da7b229b0f10db69d0087937b93e78c085485099a8b674b52ddee1cf58dde",AVX-512,12,0.00031,6.475,2106,2011-10-19-Sample.E01
f0169944.png,"634b5be13636860d852bdce06255ed7fe41dc7bdd895e884614ca166d856aa2b",AVX-512,12,0.000211,6.262,1388,2011-10-19-Sample.E01
f0169936.png,"d9177d1c775cfa2f037533a0f862d1b20acd611f4a7201da6903f87c5afd48c7",AVX-512,12,0.000221,8.158,1893,2011-10-19-Sample.E01
f0169920.png,"e5cf9b7a965aedee8a55401347ca37d52a8f1992c7625510508077e8eb5929f0",AVX-512,12,0.000248,22.027,5728,2011-10-19-Sample.E01
f0169912.png,"bad562c8d9ba9ea04e087b2135c6ecfb77ff857deea2901728fcbe19f93af2d0",AVX-512,12,0.000248,13.096,3407,2011-10-19-Sample.E01
f0169904.png,"0f3e08914a6800a0013474ef5112104622a25393b0ab0ee5b17b22cd98056342",AVX-512,12,0.000291,7.144,2179,2011-10-19-Sample.E01
f0169888.png,"16c985cedf1d65118ebb69d02c4ab8de77a067b605e6028bd5567c48cb394705",AVX-512,12,0.000211,19.97,4410,2011-10-19-Sample.E01
f0169880.png,"4bb87211c0553eb5908fe38ee22006d8ec58ab08a962d4cd81a07f5c7f0f9f9c",AVX-512,12,0.000236,11.058,2733,2011-10-19-Sample.E01
f0169872.png,"4e3feccee455369745085c23499c89fcb05761b2e03583f6e905bc982d7d9bcc",AVX-512,12,0.000211,9.699,2147,2011-10-19-Sample.E01
f0169864.png,"0a0cd623f9ef15c4f9ac9df0e77a791730bafe978a3d3429182092d638858d36",AVX-512,12,0.000219,3.476,799,2011-10-19-Sample.E01
f0169856.png,"79cc36b1ef91ba22b49ffe449bdfeedcc673ad3e599d4fcd031844713e83afc3",AVX-512,12,0.000257,2.39,645,2011-10-19-Sample.E01
f0169848.png,"6ae8f878d1674f5c809184bf2d8cdc6275510fd1ac1326a2ea2952115eacb298",AVX-512,12,0.000261,3.593,984,2011-10-19-Sample.E01
f0169688.png,"9fa08b7e94d4583c7cfb70585ca01d267355802822818f6492bb069f856fe8cc",AVX-512,12,0.000484,30.827,15645,2011-10-19-Sample.E01
f0169648.png,"94978fa5b2da3670ca14fccf44518731b8d6d94926db1f0a45b287ce994457f6",AVX-512,12,0.000245,73.992,18993,2011-10-19-Sample.E01
f0169608.png,"c8ee55eaabfdb8360812951bdf2b44c9656167e9b0a26cef1f77cee6e3bc5a14",AVX-512,12,0.000312,50.186,16408,2011-10-19-Sample.E01
f0169568.png,"d3ed4d5131cb2c9f2023554fa1a546baa14b4aa84d0fa210629d32062278342c",AVX-512,12,0.000298,54.742,17117,2011-10-19-Sample.E01
f0169544.png,"4fc433a088274142bfdc0bbea98514d4247bec7416c771aaf2c7f0a92b5deb70",AVX-512,12,0.000245,46.349,11907,2011-10-19-Sample.E01
f0169528.png,"932b5819da8fa628eaa9ae5b0c1f1d2362506ac225f85d7e503a5d84f3764e78",AVX-512,12,0.000243,23.596,6010,2011-10-19-Sample.E01
f0169512.png,"ee00649b151fdb52e9ee4385488e2a6c5a9f677635f53567cfe17fcf0f97b4ba",AVX-512,12,0.000396,15.777,6551,2011-10-19-Sample.E01
f0169496.png,"25d87698fb0c5c014b561bf37aaae3f792ee3188e38acd19299d87577c379597",AVX-512,12,0.000434,11.446,5210,2011-10-19-Sample.E01
f0169480.png,"c35115846d7f16b239871f2d803affce23a0d0106b2e892454c4a7104f50b25b",AVX-512,12,0.000238,26.01,6491,2011-10-19-Sample.E01
f0169456.png,"1dd33893e5b007dee170187a3fcc272676b816e71b859cb2d1bd224e8ec7abe1",AVX-512,12,0.000308,26.088,8439,2011-10-19-Sample.E01
f0169448.png,"c39b458476ca7e49668d47fb09feaa78463a0e0d86559f6ba1afa717962319ec",AVX-512,12,0.000285,8.738,2615,2011-10-19-Sample.E01
f0169440.png,"953a745ff1539f47da3718f0f136b0df23d3d0cf6313834cc2c3cb549bda8bd8",AVX-512,12,0.000292,5.845,1792,2011-10-19-Sample.E01
f0169432.png,"ca98ff1e6b3ad8ad7d07c5990deffaea5db0af7236d74e6c5612a54e55cb7104",AVX-512,12,0.000286,12.577,3777,2011-10-19-Sample.E01
f0169424.png,"3d68a83b1937926ac0dc798d5516021af90aa84787673a38661b6f743ad92517",AVX-512,12,0.000223,10.111,2359,2011-10-19-Sample.E01
f0169416.png,"a68e165acffdd1524cc367b7c395915f34fd3f0bd205ed4da5ee39ba1079fabf",AVX-512,12,0.000511,4.112,2203,2011-10-19-Sample.E01
f0169392.png,"0ae7f5aa80ea9b6104e5a03e1b162b78b102bb3187dde0df2215568c8b695263",AVX-512,12,0.000218,48.55,11098,2011-10-19-Sample.E01
f0169384.png,"95d27ba42baa1a6a133361a8628ac8927b648cdeb247291d1744df4d2af04dc6",AVX-512,12,0.000226,6.444,1525,2011-10-19-Sample.E01
f0169376.png,"b35605714f0592a6c1ef883fc88ea6d8222ba7eff747cef69ea183f34f947d50",AVX-512,12,0.000239,8.261,2073,2011-10-19-Sample.E01
f0169368.png,"c85dd9e14704e45c4133c98bd1b123c7c38a728ba5a241e592dc40379819acda",AVX-512,12,0.000219,17.009,3913,2011-10-19-Sample.E01
f0169360.png,"97f349c3e5dbb39f2472e1270ac990369cddc33e194904b68f58a84f058b0b9f",AVX-512,12,0.000242,15.726,3989,2011-10-19-Sample.E01
f0169344.png,"4dc50de55cb32b3e98b863058fe1743a2ed33b4ca1560ef88385e8716f96c22f",AVX-512,12,0.000392,17.223,7074,2011-10-19-Sample.E01
f0169328.png,"94fb34a0653352bbc23a65632f86c8b4b20ce4edf91c5c1b7bf00db02c6403f1",AVX-512,12,0.000218,29.353,6716,2011-10-19-Sample.E01
f0169312.png,"de4ae0312848c0c66e693413304c94de536ffd5091c140569f598147a0bafcfa",AVX-512,12,0.000264,20.539,5675,2011-10-19-Sample.E01
f0169288.png,"528ea7085a8e8bd82cf498fd3804c515451d14847a1be2e2344530e42cdd9c35",AVX-512,12,0.000221,36.12,8374,2011-10-19-Sample.E01
f0169280.png,"e4afbfde9897d0a9745a1c7bfdb146167593ea42291e7e58c7da1f9305cb0ac4",AVX-512,12,0.000222,13.358,3111,2011-10-19-Sample.E01
f0169272.png,"5c51e4e6f1aef187515e62417c6b3f417121e11f49b209551f83042e4d7a76c1",AVX-512,12,0.000264,3.666,1016,2011-10-19-Sample.E01
f0169264.png,"f369eb5d0abf0750734fde4ec06fb4b62a68c7dd77365f80c536f602b8a30565",AVX-512,12,0.000218,6.491,1483,2011-10-19-Sample.E01
f0169256.png,"edabfc9deb4d433cd9809747ad5d2c791dcb283cf370df3174fb619765862b2e",AVX-512,12,0.000226,2.436,578,2011-10-19-Sample.E01
f0169248.png,"c7b81593b0fe539e997603f344731fbe3a35f576f457fd580c587a7fc662401e",AVX-512,12,0.000265,4.56,1268,2011-10-19-Sample.E01
f0169240.png,"b7efd73476310308d10beabad6faac1313949e91a2c5c9468f1f1a04cc944934",AVX-512,12,0.000285,4.978,1486,2011-10-19-Sample.E01
f0169232.png,"d99e8b461866cb5cf545da8c3a192f03c53c68d8de2aee7cbe88bc0839eb1d87",AVX-512,12,0.000301,3.203,1011,2011-10-19-Sample.E01
f0169224.png,"2f270c0dc8cded0ec39243bcf42b6908443b5e0ff4f466262faa75298a635e7b",AVX-512,12,0.000307,1.693,545,2011-10-19-Sample.E01
f0169216.png,"77cd044bf35dcc40c62333539e946e91929d56836880cdfd4d9854283920f9d5",AVX-512,12,0.000227,3.597,858,2011-10-19-Sample.E01
f0169176.png,"2e319da3e15d0d54f5c6088c16e272beec970bdf894ee2d7fd77526e4208a49d",AVX-512,12,0.000254,72.514,19336,2011-10-19-Sample.E01
f0169128.png,"b37f43ec513cb5636592f7a730a7d83102538fe9480a3e05b01d7058596f1b3e",AVX-512,12,0.000261,75.203,20605,2011-10-19-Sample.E01
f0169120.png,"f55f80d238f2d45c6a4c948d1035d5f40aab80717bc2f7672eb5080e5180a9b8",AVX-512,12,0.000249,7.0,1824,2011-10-19-Sample.E01
f0169112.png,"a1e308f93b09d8ba86e49e912f6f114d3678b159e210ee52d617e107c89e9166",AVX-512,12,0.000427,6.087,2728,2011-10-19-Sample.E01
f0169104.png,"ed5e2a757f150b9dd3e40da9bf7cdc7fd34514d3f644fdbca42bc69ca2780603",AVX-512,12,0.000293,3.687,1132,2011-10-19-Sample.E01
f0169096.png,"ef1c82d6d5cdab32de2aef9a854e635a8ca2d41868019e5c6fec8c3c1554b3b3",AVX-512,12,0.00144,0.758,1144,2011-10-19-Sample.E01
f0169088.png,"7675da32bda472f6f32a64d981b22da93bf0a2e58dda69bd9fd4292901061bb4",AVX-512,12,0.000263,4.391,1209,2011-10-19-Sample.E01
f0169080.png,"278476a04e8ede580652fa67392174fcf38d7678fc2dc8f0c3604c34bf0da26d",AVX-512,12,0.000404,3.919,1660,2011-10-19-Sample.E01
f0169072.png,"dde351fa3d7a4106f0d10a8af0df204a611e0e8d18d31f74d5d9c766c898184a",AVX-512,12,0.000241,2.886,728,2011-10-19-Sample.E01
f0169064.png,"bf172ff63205c027fc894d6101e1e3c75833c1d586033c770ac83f3a3294f657",AVX-512,12,0.000219,5.568,1281,2011-10-19-Sample.E01
f0169056.png,"40b8592672995bf517f04fd8222c4fe049121b55baae017e8db3c8f270e52069",AVX-512,12,0.000304,1.619,517,2011-10-19-Sample.E01
f0169048.png,"0995f2965a32ebda3ec3b2324b39dd3e98f2e0fae06094b5a79f16a6e737d089",AVX-512,12,0.000321,5.081,1709,2011-10-19-Sample.E01
f0169040.png,"4e4fdbcd72023f8eb2e3263df1d88087ab543f9491ac93cce3ef2a59a01d49a9",AVX-512,12,0.000215,4.074,918,2011-10-19-Sample.E01
f0169032.png,"89c0f239ef04c4dffd2851ef0f427b0f3f0e59e84e6fe0d2f466f09743aacde2",AVX-512,12,0.000211,7.803,1728,2011-10-19-Sample.E01
f0169024.png,"84214c1d9b238e55eb4b72b157651ade5977967ef900f9bb3244f591f5b18fec",AVX-512,12,0.000205,3.627,780,2011-10-19-Sample.E01
f0168888.png,"7dbc9243ac9833240bd6bf6b5ccd8c1be4b61968097ed0218c5afbfbf2bacdc7",AVX-512,12,0.000227,3.397,810,2011-10-19-Sample.E01
f0168880.png,"1b9a2772b2463334be20608de32ecb86898403f15776a0d2130c121aa2b78c22",AVX-512,12,0.000209,3.772,827,2011-10-19-Sample.E01
f0168872.png,"9e28c463c46f1bc8ff6c6a33e122e09316348547f52f6e5c1fb4ef1261d21534",AVX-512,12,0.000208,3.542,774,2011-10-19-Sample.E01
f0168864.png,"1116fc9a2610a88e5315cf6028395eeb8bfb77c8fb8c37ea48443cff0b2e1aef",AVX-512,12,0.000948,0.554,550,2011-10-19-Sample.E01
f0168856.png,"e043f68cd5f0b6d5ebf3147d6f815943f73d80964d2a409cd36ce26969d2a444",AVX-512,12,0.000305,1.578,504,2011-10-19-Sample.E01
f0168848.png,"76aeb78d41f9923c2fcc96d9fe19e0adc1fb4988be1d900ac988b4c88cd1bfb3",AVX-512,12,0.00024,3.564,897,2011-10-19-Sample.E01
f0168840.png,"a679f5249b1845b1dc8e6d6c0ae30e2b35e62a278526566ccb86e208145035e0",AVX-512,12,0.000425,2.818,1257,2011-10-19-Sample.E01
f0168832.png,"3aae5291d48fee41578d2246ede84161fc68f7bedd94d11aa9df4ad66a1a1b2b",AVX-512,12,0.000424,6.931,3080,2011-10-19-Sample.E01
f0168824.png,"b7b097711123440746c7aa35cc6c22236c9927da7df96cb9506de1946ce64d97",AVX-512,12,0.00047,3.166,1559,2011-10-19-Sample.E01
f0168816.png,"a2bce191f2f5c37b48caa8c935139c686619355ca9418e029739d7fa39cd22bb",AVX-512,12,0.000201,3.531,743,2011-10-19-Sample.E01
f0168808.png,"05fcc348ff26d30a880d59909ed248134e94272851517346885a34ba31e502d9",AVX-512,12,0.000397,5.203,2163,2011-10-19-Sample.E01
f0168800.png,"2f07b47f0656efb317bebd5b090aa740029a948d8884d941f7d2546dd1021994",AVX-512,12,0.000248,12.237,3181,2011-10-19-Sample.E01
f0168792.png,"5cee00e3a4aac673b02a57ade738f6c0025d0d9cd3fb46e56ba51427bdf353be",AVX-512,12,0.000392,6.089,2504,2011-10-19-Sample.E01
f0168784.png,"1cddf991f98739d74e9d0960eaf2c40766a139f19269ad9e4b4d7b7cad7153c7",AVX-512,12,0.000198,3.97,826,2011-10-19-Sample.E01
f0168776.png,"935dadab4586e56acf36939640f97b719cf1f16eb8b4da39d5c97fed26910103",AVX-512,12,0.000373,1.814,709,2011-10-19-Sample.E01
f0168768.png,"b216bc9fba5549dcbf7326dc6947f4acb19889deacc5c52c280899481ed92beb",AVX-512,12,0.000371,1.85,719,2011-10-19-Sample.E01
f0168760.png,"f291f3f22f22aa78a480306546f71430e13a404adcd67ca32f767845917e461f",AVX-512,12,0.00037,4.45,1724,2011-10-19-Sample.E01
f0168752.png,"d6ccbd88515e4abf2fa6620335999682b7b77e026dbf3794919d2f9ae83cdca3",AVX-512,12,0.000213,3.765,841,2011-10-19-Sample.E01
f0168744.png,"7dc118c2fa8d9b2b15b796b0dbc32644373a5dae54f7d56341df3da224a581e1",AVX-512,12,0.000253,9.269,2461,2011-10-19-Sample.E01
f0168736.png,"ea78b020a1c3013a1fca23e0233838afdfa571e5333aa9c8ebf27463553587e1",AVX-512,12,0.000286,3.937,1179,2011-10-19-Sample.E01
f0168728.png,"501ba66a74809977c2c1d06f10db34c4d7a354d91ea6cb2a58a24d30018786bb",AVX-512,12,0.000282,6.507,1924,2011-10-19-Sample.E01
f0168656.png,"15469e10d00480e37e79574e365f894d2cdfadc6f84f58e4ffa49e1ca756105e",AVX-512,12,0.000231,3.153,765,2011-10-19-Sample.E01
f0168648.png,"9851a47123fe861d68a9bd503bf07528561014e0edbd042ee15a60179dc4b2d6",AVX-512,12,0.000563,3.192,1883,2011-10-19-Sample.E01
f0168640.png,"dfc5b83c235ec6c8f8ba5cc688c177db4556bdaa8b78b3d416daa0ea4f791cf3",AVX-512,12,0.000381,2.318,926,2011-10-19-Sample.E01
f0168632.png,"4f14b40f1a70a12ad369b24256763dc60c82dc503e3604ac51e7e01e38506166",AVX-512,12,0.000245,6.747,1732,2011-10-19-Sample.E01
f0168624.png,"1f3c6ad98d7c7662faeff7b2df96c53b7e07f3c0df20caec7936e4bedc767fb9",AVX-512,12,0.000365,2.335,893,2011-10-19-Sample.E01
f0168616.png,"9931650ee80cedbf232586a4b9935b073ece3ff4706a96b97e2b6b382c7e1ddb",AVX-512,12,0.000391,5.361,2195,2011-10-19-Sample.E01
f0168608.png,"e8ecdb59c408296830b43c75e1532cae9f0543e5106d486fad7271776eecb63a",AVX-512,12,0.000257,6.17,1662,2011-10-19-Sample.E01
f0168600.png,"fccc5b418ad15c7be183629fe5ca1cc8b302ab29ff522fabfb492b853579c256",AVX-512,12,0.000356,2.151,802,2011-10-19-Sample.E01
f0168592.png,"b1e10f4ca5f2108b1d982dfc58dc2751f9bf22b0f4864edd8e45b2591e68685c",AVX-512,12,0.000301,6.152,1939,2011-10-19-Sample.E01
f0168584.png,"78d2284f4effe2f9c03e56db3f3901104d087e05342a4f9d9c33d3c83c335cbe",AVX-512,12,0.000357,3.541,1325,2011-10-19-Sample.E01
f0168576.png,"388547d724a88abe4e5f637cec4f7dbe653521a54b70b7c402db9e4d229cca79",AVX-512,12,0.000269,5.528,1561,2011-10-19-Sample.E01
f0168568.png,"a146347b95f8c7cd30842432a2195255a978d9fcdb92ca908a92a42b482420e0",AVX-512,12,0.000429,1.644,740,2011-10-19-Sample.E01
f0168560.png,"55f3ff526db434891a49248e2739b7f764feb40daf70dcbb19e53e27765d51e1",AVX-512,12,0.000386,5.842,2365,2011-10-19-Sample.E01
f0168552.png,"9316309145d7c50b4aa3064680ece960eb00400ecf8254d08bcef680a9ef798e",AVX-512,12,0.000581,1.054,642,2011-10-19-Sample.E01
f0168544.png,"fab3c1e4c0efc8099c087bdd084b5775f6d1d371492b6558ead54584648668d5",AVX-512,12,0.000242,11.718,2976,2011-10-19-Sample.E01
f0168536.png,"f9af4c9060e325239755674e7076b97ce2d22043001bfa302f1d5925c6988564",AVX-512,12,0.000216,2.961,670,2011-10-19-Sample.E01
f0168528.png,"29ebc4468dd7b9cf2244feec214ebee3cacccab89f101efdbbfe443760fbb461",AVX-512,12,0.000291,5.297,1618,2011-10-19-Sample.E01
f0168520.png,"b6ccd13a10823973357282d345c0332570a9a603b168e20dc4b70c93c4da6c34",AVX-512,12,0.000287,5.312,1598,2011-10-19-Sample.E01
f0168512.png,"9fb34689facfcf0dcefb39b75dda9ff038b715c0c1438009c49ecb3c92f73bc4",AVX-512,12,0.000504,3.626,1915,2011-10-19-Sample.E01
f0168504.png,"7a1409c013c50de11b72a07a20552231f1a15ac24989878643ff815f9230e59c",AVX-512,12,0.000232,3.976,966,2011-10-19-Sample.E01
f0168496.png,"33d832763ef682f3114165b00e1f50d185df599c8cac0fd7b72f72fec65bd626",AVX-512,12,0.000227,4.938,1178,2011-10-19-Sample.E01
f0168488.png,"47e6bfb51ab0daf56889914627bbd7b14f8f140db9adb200af5c2bf5d5a7af38",AVX-512,12,0.000263,11.591,3193,2011-10-19-Sample.E01
f0168480.png,"760fd0a4f47c4c3048acd76c9089dcc85928ccb93d536b81de824761980dc0c3",AVX-512,12,0.00024,3.231,813,2011-10-19-Sample.E01
f0168472.png,"19ae363db7d7476f005369d83602e3db5c6ada9036b2006a47efb6cb83802421",AVX-512,12,0.000881,0.863,797,2011-10-19-Sample.E01
f0168464.png,"c7e8ff5b9ad6b37e0226f6175fd2e7ee3a7820cb7f00c57eb6f1d2f8ba6acd5a",AVX-512,12,0.000269,2.859,806,2011-10-19-Sample.E01
f0168456.png,"03e4a2f6d48593dca7c07937f24eb0771d04ace987283ded6838061b724ed649",AVX-512,12,0.000378,1.799,713,2011-10-19-Sample.E01
f0168448.png,"841017b26bbcbbde7d8bffff7a35f2cbfa3c35633cdb7458c91b929f30e37d67",AVX-512,12,0.000342,2.829,1015,2011-10-19-Sample.E01
f0168440.png,"ad8210a267c632a773927f20e19fa9fc957e2d26c7a5da7afbd7d85e84728c3f",AVX-512,12,0.000216,3.473,788,2011-10-19-Sample.E01
f0168368.png,"f97d2eaeac756e57e6ba34f7509cae9712386bc04a6040ce97fb5addd8d7ce28",AVX-512,12,0.000266,2.68,749,2011-10-19-Sample.E01
f0168360.png,"381f5680e1a9e2ff5770d3912ea247a178641f7b2352255e3e38ed925fcb8b3c",AVX-512,12,0.000272,3.514,1002,2011-10-19-Sample.E01
f0168352.png,"c090e74477ec8551faa83c46bd615ee7ed2c4864f2003a1fc8174e867b0bbf42",AVX-512,12,0.000261,7.649,2091,2011-10-19-Sample.E01
f0168344.png,"d0acf68068208f00765dab4e8b8f43e5518bfcaf90a873b2e6d8dd081a31afb6",AVX-512,12,0.000211,9.374,2074,2011-10-19-Sample.E01
f0168336.png,"1f59fb125c72a7831993a6d5fcc93b11f761f7087115ffffc90b8465660df1d4",AVX-512,12,0.000229,4.585,1103,2011-10-19-Sample.E01
f0168328.png,"90b7b8fa710754337daf99c628afaf63cb7ad87ebd4e4a38aedaaa2fb4876a86",AVX-512,12,0.000217,7.348,1675,2011-10-19-Sample.E01
f0168320.png,"b56fbf04020044a2d96e92629681fbce56f27167092fb5d710e3bf9a23fa4be5",AVX-512,12,0.000447,4.661,2183,2011-10-19-Sample.E01
f0168312.png,"4ee4653ae6fa1b1c06701a64e1983c0acadb8e1c3a288a77847faeb14952f944",AVX-512,12,0.000366,1.492,573,2011-10-19-Sample.E01
f0168304.png,"b9cd6a4848ba419f98490d534a30e6ac82ae26e4a768aaaf38e708a093e788f2",AVX-512,12,0.000216,5.596,1268,2011-10-19-Sample.E01
f0168296.png,"f24cc99fe9f38fba572a5e8ba98976f3c3bb6b9d4a52918dffcabf184199f203",AVX-512,12,0.000253,1.965,521,2011-10-19-Sample.E01
f0168288.png,"2a57a1ab447b2a594a16073787f71c23452da4e6ef67e1765875c233f5377528",AVX-512,12,0.000266,1.979,553,2011-10-19-Sample.E01
f0168280.png,"d5c2bef5070caec22bcc8082f79cfbdbb161030be78fe359201e1f613ad27ba5",AVX-512,12,0.000263,6.204,1711,2011-10-19-Sample.E01
f0168272.png,"27a8845f001cfecdbd943aec2bb4ddda5bc971155ddc8bbeaa3ede1cc88b2314",AVX-512,12,0.000242,7.496,1899,2011-10-19-Sample.E01
f0168264.png,"10c742a2dd621ba54215f1b612a91b3172014ce60b1c8947b246fb367828de93",AVX-512,12,0.000663,2.604,1812,2011-10-19-Sample.E01
f0168256.png,"f81792c84d33cfa87e486e0cd50f5b067d224ceadcc6903abbd8d8660242363a",AVX-512,12,0.000277,5.347,1552,2011-10-19-Sample.E01
f0168248.png,"6fd3fea13af64c75d05a76a868bf030f9d1b3349e25a16505c45a27d2a68d078",AVX-512,12,0.000307,3.541,1139,2011-10-19-Sample.E01
f0168232.png,"faa1926c5895e35d4b3aae6ce805913c8e3b2b8d6a26811e76180ee315b96ffc",AVX-512,12,0.000243,16.218,4129,2011-10-19-Sample.E01
f0168208.png,"8a1ed9536a6b91221158480b3bccee05d7c111b65daa2e88e774bcf4c4c1d98d",AVX-512,12,0.000261,34.023,9322,2011-10-19-Sample.E01
f0168200.png,"fdeb73b2639638082a5b87d079c9449effef028cc9f1b880f7602d79d2838eec",AVX-512,12,0.000216,3.035,687,2011-10-19-Sample.E01
f0168184.gif,"a74a742bc78c3d572b8a9e74ce3f824212a1535566d7ad63c0adf3085a602989",AVX-512,12,0.000274,20.987,6032,2011-10-19-Sample.E01
f0168176.gif,"f45b613761cfc47ec5442898aa3bf3e5726a768eadd8c7e10a0b3bd698763efc",AVX-512,12,0.000273,10.726,3067,2011-10-19-Sample.E01
f0168168.gif,"8fc47b6e3c145147024b5cf2ad7aa39d62a7f21315392a80f6d6f07ceb82d515",AVX-512,12,0.000219,2.795,643,2011-10-19-Sample.E01
f0168152_Login.html,"d0c274457aaeca82ccf9808ec9065f920fd4cf988060f33a41c153077cf4a90a",AVX-512,12,0.000285,22.008,6570,2011-10-19-Sample.E01
f0168136.png,"11bf5411f4f43c7564bc0722b61ebb88beb5cbd4ce4dbe2ca6ceacd6148a801e",AVX-512,12,0.000244,27.175,6967,2011-10-19-Sample.E01
f0168128.jpg,"ff7d60048bbe8f37ebfa1d6826ad3caab0c9ddf5fa69714ace7ba7eccd7bd6ca",AVX-512,12,0.000246,6.955,1791,2011-10-19-Sample.E01
f0168120.jpg,"c2e06cf5666f2cf6c66e57a3ec794078472a7b66a13527b7395d537d2f04bf81",AVX-512,12,0.00025,7.295,1910,2011-10-19-Sample.E01
f0167952.txt,"9c1713f1417e64320871835d3777744fb3082de1126975229e8d475d142096e2",AVX-512,12,0.00023,96.261,23165,2011-10-19-Sample.E01
f0167896.h,"30513415b6173e4fe73b2fbb9806f42e774670623796c6a37fd80a28549f612c",AVX-512,12,0.000359,13.186,4965,2011-10-19-Sample.E01
f0167880.h,"3e9b21328c3f6d473f29f1ff10b0b728da1d616daacc87dc8553590da8f9a6f1",AVX-512,12,0.000284,17.342,5157,2011-10-19-Sample.E01
f0167496.h,"6a24497ec11f88ca40f69afb4fec12dfc2c974d684674b5107bf3c91d9f9bd63",AVX-512,12,0.000891,207.837,194222,2011-10-19-Sample.E01
f0167384.h,"e8557557c2f2c973d008ed3ebd2fd0fccac81089e1be4d59ce5c671148e72b4d",AVX-512,12,0.000774,70.581,57254,2011-10-19-Sample.E01
f0167376.gif,"e1b0f76de36318234c782fa61a032011a17ac6a543bfd98071194f38540e2306",AVX-512,12,0.00023,7.878,1900,2011-10-19-Sample.E01
f0166736.txt,"e17b5eab7141f65444424ab118338a05a5ed171e0525be7fe78c57c0bc79731e",AVX-512,12,0.000991,312.351,324674,2011-10-19-Sample.E01
f0166696.h,"f6e53de533e6906c47843e103f7bb41066ce42db5a0067ae337586a5fd0e760c",AVX-512,12,0.000208,83.704,18300,2011-10-19-Sample.E01
f0166576.h,"174efbcf453c39f41399d41eadb7c399d5ef5d1b561dbb62f2eaea66b4781788",AVX-512,12,0.000274,85.629,24620,2011-10-19-Sample.E01
f0166448.gif,"8c26b5933c68c7f383f42843ccea9dabfb7c813133a34be6335cacf567f558c1",AVX-512,12,0.000312,9.717,3180,2011-10-19-Sample.E01
f0166440.gif,"8c26b5933c68c7f383f42843ccea9dabfb7c813133a34be6335cacf567f558c1",AVX-512,12,0.000209,14.504,3180,2011-10-19-Sample.E01
f0166336.h,"7bd9765203a1e403df61e4c5f247130357d15b7561476d672331c10c0ea364e2",AVX-512,12,0.000914,55.033,52761,2011-10-19-Sample.E01
f0166320.jpg,"c56e07c7fea63d91b8b21f8b1fabfeaac3e02ddfa928814455bf5be1461960c4",AVX-512,12,0.000323,23.176,7847,2011-10-19-Sample.E01
f0166312.jpg,"e23f6c330831f6a3078b14343456ca6205220360c7be473dc09e7b5ccd692273",AVX-512,12,0.000402,7.532,3171,2011-10-19-Sample.E01
f0166296.txt,"e0fdfad8a23ac14ad7676dc2aa2762c66f2fb3d133e71f11efa54c5dc0e1fd77",AVX-512,12,0.000261,15.603,4275,2011-10-19-Sample.E01
f0166288.txt,"eefeb5cbc9418f0a979e5311c713fe3fcaa90064b42478699cf0ed50087223b2",AVX-512,12,0.000248,6.964,1808,2011-10-19-Sample.E01
f0166280.gif,"0e01c95a12831eb9770684a7697b760b2c543257054775e2d2be7465c08620e5",AVX-512,12,0.00031,2.455,799,2011-10-19-Sample.E01
f0166272.png,"9942de5f99231874abf08a3c0d02ccae672c2c9ec3e49757ff417c7f68d9f376",AVX-512,12,0.000252,14.932,3952,2011-10-19-Sample.E01
f0166264.png,"f288e6e456f47899c2e8764b56149f67d28a9e629ed86d60eabefd37bd67c86f",AVX-512,12,0.000259,2.207,600,2011-10-19-Sample.E01
f0166256.gif,"089694d02995643761227e23b8dcad40553ac59eac0393ad0130e9eef62adc7b",AVX-512,12,0.000301,3.264,1032,2011-10-19-Sample.E01
"f0166216_Widget_Boosh.html","b0110fe34d829335ef27c1aa280f85bd6082bb1ce43fcd65290467b63e0dc9db",AVX-512,12,0.000394,48.011,19830,2011-10-19-Sample.E01
f0166160.png,"5348d1b8890a07c55d912a1fbb9fad8b8b8f20a6d4cdb2397a95d5678a0f80d0",AVX-512,12,0.000225,36.577,8641,2011-10-19-Sample.E01
"f0166056_How_to_Completely_Wipe_a_Computer_Clean_eHow_com.html","b3e970f8a9de9bd03b53a8c9f833e7a5421cedd09dff6cb081191c84e1ce4ce1",AVX-512,12,0.000839,57.945,50947,2011-10-19-Sample.E01
f0166048.h,"5a31b2e0cda5af419b5809d632eef0dd8350ae52ce3b99bc2ed1586e148bdf76",AVX-512,12,0.000488,3.155,1614,2011-10-19-Sample.E01
f0166040.jpg,"5acd9a44a77a002e997c3bd740350e352666ef90f24f9149cbf6ee22678de73e",AVX-512,12,0.000203,7.41,1575,2011-10-19-Sample.E01
f0166032.jpg,"3c84460f416e79aef10da43e497d709105bd7dbafdd3e764ef1c4ce2c8a0e7ec",AVX-512,12,0.000221,7.18,1663,2011-10-19-Sample.E01
f0165992.h,"65eec83d8757f3c26450365de7f464b8166137d778f0a6c0b8340cedece86c99",AVX-512,12,0.000226,75.041,17783,2011-10-19-Sample.E01
f0165952.h,"e750e113b7f735d0cceeaf072b4854cf6fa60366f09cc92d0b430273611d944b",AVX-512,12,0.000276,64.397,18610,2011-10-19-Sample.E01
f0165944.gif,"fc7895fc1ed62df4114f1f2ecaef9909c5cc9d06e299c501a636747200596e00",AVX-512,12,0.000234,8.481,2080,2011-10-19-Sample.E01
f0165872.swc,"091a275968174081ba92ebf8f8cded43cd53269092a71145116198d64504f985",AVX-512,12,0.000698,50.389,36864,2011-10-19-Sample.E01
f0165864.h,"d1543d4f21905213d3e8dc7ff6f4f053b431a1ca2c5b64bfa99ab56245892828",AVX-512,12,0.000235,4.403,1084,2011-10-19-Sample.E01
f0165824.jpg,"cfaae3507707ae9d68618efc67335c6ce14e512244eff10b51fa7560a4373912",AVX-512,12,0.000228,8.043,1922,2011-10-19-Sample.E01
f0165816.txt,"8811f911dcc900dcc06ae1cb2262ca5344d421c0e448f7e3f01a68e4b455566b",AVX-512,12,0.000229,4.49,1079,2011-10-19-Sample.E01
f0165792.png,"ae698cd48804c12f45c61f567c0033419fc6a55428aabe43771020c0ee8f14f6",AVX-512,12,0.000224,26.899,6321,2011-10-19-Sample.E01
f0165664.txt,"c77308c4b028f450fec7bec7a6d6347eee73030f73d194686d4fcc0d26c82688",AVX-512,12,0.000875,68.707,63039,2011-10-19-Sample.E01
f0165568.gif,"7378ec512a6e740df75509cd3a5a7325b986323f29e24f0cc16b0b74a08575b3",AVX-512,12,0.001148,38.962,46893,2011-10-19-Sample.E01
f0165560.gif,"fba45e2cf1080af609cbae33a24bd1ac0729005d370519834e62f3e497e49f4e",AVX-512,12,0.000238,8.444,2109,2011-10-19-Sample.E01
f0165552.jpg,"7c010875d4529af143b05a6daaa53003401ccd496b40a69ffaec67ddfa77e9db",AVX-512,12,0.000204,5.411,1158,2011-10-19-Sample.E01
f0165544.jpg,"160c672c87794f2eb25b7653dc28d008b7d1cce4c4290d77aba7bb376cd9640c",AVX-512,12,0.000216,4.508,1022,2011-10-19-Sample.E01
f0165536.jpg,"368595b1e8bb580266a0144f3c137f8bb94abcf544cef6f149d59f61aa632783",AVX-512,12,0.000268,10.209,2869,2011-10-19-Sample.E01
f0165504.png,"463525967d26b8516a85f03e1bcba5b33e46b231462432b6cd59e0e96bae35e3",AVX-512,12,0.000319,46.397,15505,2011-10-19-Sample.E01
f0164952.gif,"83939b28c5048fbf60ae1952e2675b759c9be75c76f64e73970d58573af11f00",AVX-512,12,0.000334,1.754,614,2011-10-19-Sample.E01
f0164944.h,"fe156920509996444de8f6b703ee78bd1e6943fbc768f2b5f1326b850ed23ebd",AVX-512,12,0.000265,9.76,2707,2011-10-19-Sample.E01
f0164920.jpg,"631f8cd0cab1e5174287799964fc2a54eb1633b5d92405a98ac7518cc501847e",AVX-512,12,0.000256,10.282,2761,2011-10-19-Sample.E01
f0164912.gif,"93190615d6ba00a73ba4db6ea55976dc321aa022457d19ad234f55a826502157",AVX-512,12,0.000217,2.79,636,2011-10-19-Sample.E01
f0164896.h,"3dcc973b60532b6f1987349e68af1a347b676e3012d176dd6b6e71b05c268396",AVX-512,12,0.000241,19.394,4899,2011-10-19-Sample.E01
f0164176.swf,"b4b46f4dd50048e1a227d2f07c80f5739ed9319b7bb57edb6501a8a87c798a57",AVX-512,12,0.001087,320.631,365389,2011-10-19-Sample.E01
f0164168.txt,"98f633936979865c04eba02254d13023a01a849a004a5555a16451e1aa99bcda",AVX-512,12,0.000233,15.835,3867,2011-10-19-Sample.E01
f0164160.png,"d7d4bd49ccc2a1e1059580ffc8a3e4a1c3ad080bb1d1bdaa806a53f31f4fac58",AVX-512,12,0.000279,2.678,785,2011-10-19-Sample.E01
f0164152.gif,"aabbeb7d572a9299b47e694186d71d140a4aa668a6d9345ed23ddfe214f5e8e3",AVX-512,12,0.000309,2.329,754,2011-10-19-Sample.E01
f0164144.gif,"3f6ba5ec9b4f67c279b25dde2e5f11f16851045b579d43d6d94a4681f047d611",AVX-512,12,0.000231,3.04,737,2011-10-19-Sample.E01
f0164136.jpg,"ac75ef2ab2a18565f6911f089b82630526fee81e978dda5bb44b769af4f36d2a",AVX-512,12,0.000233,7.404,1805,2011-10-19-Sample.E01
f0164128.gif,"8363ca63267e5aa43220e38203795a9b9a72c5591f4288bf3cfa132d767e730d",AVX-512,12,0.0003,5.167,1626,2011-10-19-Sample.E01
f0164120.jpg,"3fd5e21b6e8230ae0a12c18b85c64060dc65c8e85f058f339c8ff482309c86e8",AVX-512,12,0.00025,7.26,1900,2011-10-19-Sample.E01
f0164112.jpg,"562226fa3d03de9f140e91ea7104236b8523f975014021d78b1d38af4130acc6",AVX-512,12,0.000257,7.79,2100,2011-10-19-Sample.E01
f0164064.h,"eea679682254908f9f00f9373da05d900c2f67292039fb04b07b8d43e2b86b37",AVX-512,12,0.00025,82.816,21727,2011-10-19-Sample.E01
f0164056.h,"45ee4b418821ee99dc5a4ea319e05157d70772178d279f4eaf7690379507852e",AVX-512,12,0.000212,16.056,3571,2011-10-19-Sample.E01
f0164048.gif,"8d66172733e7fa8026cdfd7623719094423fa6ab9b9723bad59beb7ac0dca1a3",AVX-512,12,0.000233,11.955,2922,2011-10-19-Sample.E01
f0164032.jpg,"bdd0aa51e6e5fd167fc1dc4e87162ef972855aaa0c2c029fbd9fbfc19bd8360d",AVX-512,12,0.000263,24.005,6625,2011-10-19-Sample.E01
f0163952.jpg,"56f66a61dea4f3e695c84259ca279f40ab81b712dcfd29ad99d510eb13dd35af",AVX-512,12,0.000804,26.789,22587,2011-10-19-Sample.E01
f0163912.h,"f666296d0133512ec46e1d9b85ec711ccc7dccbf0d18f96e1b5d81bbb339b495",AVX-512,12,0.000253,5.113,1356,2011-10-19-Sample.E01
f0163824.png,"8ae701eb826e2c3cf0009b968a09a591a9e96f89dc618a5353326729844ee784",AVX-512,12,0.000344,3.246,1172,2011-10-19-Sample.E01
f0163816.png,"655959cbdf1c7f5247bc9cca78baff8fd8f1b700bf8592c6ae5c4f2d351d13c2",AVX-512,12,0.000265,6.593,1834,2011-10-19-Sample.E01
f0163800.swc,"c3a2f541614e851d47b84b44cbd5f0a54d0caf8708a2ededb3e1e6b8c5ac0952",AVX-512,12,0.00022,35.576,8192,2011-10-19-Sample.E01
f0163744.png,"9660abd74086038226c84b7d9318ba21c00f838d002add74e178eaa4149ec75b",AVX-512,12,0.000203,115.336,24611,2011-10-19-Sample.E01
f0163712.gif,"7bf41bbdf0adfb7e5e295a27f9d2d0c2adf62c68726253252dde900c0c9ff3e0",AVX-512,12,0.000277,3.56,1035,2011-10-19-Sample.E01
f0163704.h,"e26058f7d687df789255303c37e0ee2fa9f75d4333c81e9ab8fccf5e64f796c9",AVX-512,12,0.000234,9.052,2222,2011-10-19-Sample.E01
f0163696.gif,"23b1504ccbb5e9f468e64233ee6c053c55b09a3b6f98a91051cb8fc0550718eb",AVX-512,12,0.000251,2.374,626,2011-10-19-Sample.E01
f0163672.gif,"2cbf5fde7e6d2a021cf10dff5b9ce63b70e9f5a3474bd17394b78a96fec8caf0",AVX-512,12,0.000211,4.446,985,2011-10-19-Sample.E01
f0163664.gif,"58fe34eeeb418e4e49f067ee812e9cc4a66b98fd3c70344ec28b3e3bbe0f69a1",AVX-512,12,0.000247,2.839,735,2011-10-19-Sample.E01
f0163656.gif,"0ae95652fd817616122ee70400cf8c226b9a0785b40dca57b67f5d0147ef3550",AVX-512,12,0.000307,3.23,1041,2011-10-19-Sample.E01
f0163648.gif,"048bd6ba2c891147c3b11f8f854005619cb152f97633013485058d06d4acdf81",AVX-512,12,0.000486,1.694,864,2011-10-19-Sample.E01
f0163640.gif,"5543ef5b494c929333026035e057aa9d1735bd8bec0731b4b9f9e2dd96e3f7d8",AVX-512,12,0.000589,2.675,1652,2011-10-19-Sample.E01
f0163632.jpg,"4db2357e14f2dbf0a829d1bcd397d6543a60a85386c62086e6bd3d5284d12f76",AVX-512,12,0.000341,10.087,3610,2011-10-19-Sample.E01
f0163624.gif,"38aae5583511cb9473dfaa611479908bdce52ff9f38ad52677971ffff9c54ce6",AVX-512,12,0.000241,4.62,1165,2011-10-19-Sample.E01
f0163616.gif,"5e8df1cf10917331cbba52b0c256eeab9aa0f524735b60d91a84f1974726f42f",AVX-512,12,0.000356,4.886,1822,2011-10-19-Sample.E01
f0163608.gif,"db5fcba0534637130402e59800a34ebcb54b06ca36c319c766608d306f8c04f3",AVX-512,12,0.000287,4.564,1373,2011-10-19-Sample.E01
f0163600.jpg,"2b6aa5eaaf1e086406016046e54e429abbdfa6fba4a4280dd95e73c1d7d744ca",AVX-512,12,0.000223,14.365,3353,2011-10-19-Sample.E01
f0163592.png,"6b5ba1f78088cb3563f226a0ec9e5aae48c6e4df61a6348d9518ed58e9e57994",AVX-512,12,0.000537,3.955,2225,2011-10-19-Sample.E01
f0163584.png,"316c82c557d46982086254689b3f42fdedb9710d69003691d043318ec7080f9a",AVX-512,12,0.000307,5.574,1792,2011-10-19-Sample.E01
f0163576.gif,"210c29a39e3f4cc029d78d18275c0886ea5a81a250ad02ba3bfbd7b34c0d68b2",AVX-512,12,0.000439,1.492,687,2011-10-19-Sample.E01
f0163552.gif,"1f0f0bdae5235982c25b0f45c85e8084c4d518a79f630c5e32c5a56702556265",AVX-512,12,0.000526,1.94,1071,2011-10-19-Sample.E01
f0163520.gif,"0b455a6fd69ca24ec0a47da78b4c977cea21fca4ad4a159dfad8ad02227e3538",AVX-512,12,0.00034,2.87,1023,2011-10-19-Sample.E01
f0163512.h,"e9e41952d503889d773545eabd89593f43626a67f66c0d785a9b771b38390414",AVX-512,12,0.000371,5.951,2314,2011-10-19-Sample.E01
f0163504.gif,"320f2ea44cdb87335b5359ad285c0d632c361a19effc799494d975116b6b454f",AVX-512,12,0.000205,6.006,1291,2011-10-19-Sample.E01
f0163496.gif,"2ff509bd3af05749410f56168e627616c58b13a2a20b1dbf2ad852ac6bc635f5",AVX-512,12,0.000944,3.378,3345,2011-10-19-Sample.E01
f0163488.gif,"f48cef16cdee2ca221a2038a6e0793e0b7e3760ccc61ca81ab620baeb06c1bf4",AVX-512,12,0.000467,1.231,603,2011-10-19-Sample.E01
f0163448.jpg,"c30be2a76fd5e762c98ef41e791206a0dfc65e9ca917d2404a818a1bdb6802fe",AVX-512,12,0.000453,28.295,13443,2011-10-19-Sample.E01
f0163432.gif,"b45b1327149dc49f784e9028e4af008a8ba32073dd80368eb69885d2559edcd3",AVX-512,12,0.000281,23.275,6863,2011-10-19-Sample.E01
f0163424.png,"7220f6bfb31b94fdda2bbc7bd54048dfd97e19386549251844a0516aed9eb178",AVX-512,12,0.000302,8.007,2538,2011-10-19-Sample.E01
f0163416.gif,"5c68226beef40dbc9de78be8a0ae0038a13355273bb5e1ea47bff68b0ab8e9bd",AVX-512,12,0.000742,3.42,2660,2011-10-19-Sample.E01
f0163400.png,"60d5209c661cdea4f4683ae6995b377615eec33a4a9a6d19b6b19aa44d0be8b6",AVX-512,12,0.00084,2.922,2573,2011-10-19-Sample.E01
f0163368.jpg,"3ce462b1abac65f4fabbcb495a835814837a489850595c9a19a8137ea3f0089e",AVX-512,12,0.000439,19.851,9142,2011-10-19-Sample.E01
f0163360.jpg,"09d22be0ce05d9dfcd7b3f537bd982aed39d41ad498c245a7b10238f346ce6ef",AVX-512,12,0.000384,7.65,3077,2011-10-19-Sample.E01
f0163232.java,"205b07579d342911876fc97889aad1a0c64a7c2e2e0d23a6912531b36062b5b6",AVX-512,12,0.000435,8.765,3995,2011-10-19-Sample.E01
f0163224.jpg,"e62d8dadae42eb0d6e8ed3fa03008f02cf1271fa8b15fe8c4bde4b458e849afe",AVX-512,12,0.000544,2.249,1282,2011-10-19-Sample.E01
f0163216.gif,"e0752ba1bd584319c11b1e167b16209a81cb3a1645e99486b4ab25c3f567e3b2",AVX-512,12,0.000555,1.914,1114,2011-10-19-Sample.E01
f0163200.gif,"eba6a496869d1819a0c94d090918aff111eb89884dad9e8d19563772152646d8",AVX-512,12,0.000391,17.148,7034,2011-10-19-Sample.E01
f0163192.txt,"a6502f35721810bd43915e8e846a0c6505fea543df0fcb390d708a6f10fc120f",AVX-512,12,0.000648,2.433,1653,2011-10-19-Sample.E01
f0163176.txt,"82bcf87d3083a5e02701c40244cf2d79feac276f736eabeccfdfef7d36b3473d",AVX-512,12,0.00031,14.648,4763,2011-10-19-Sample.E01
f0163168.txt,"d17ef012b14451e3c7f7a2c5afd8cf874fe6ba6b85ef7b6a92626f42f500c1cf",AVX-512,12,0.000283,6.052,1794,2011-10-19-Sample.E01
f0162952.h,"5b0260ab8497c3104345464aea686754546d2e785d403ffbc1b238e61a8e7abd",AVX-512,12,0.000852,104.412,93226,2011-10-19-Sample.E01
f0162944.jpg,"fc588d51c1df9726b91d4a98f57d6940451a7e30ac164520bdb6bd6bfdfdf8fb",AVX-512,12,0.000242,8.768,2224,2011-10-19-Sample.E01
f0162936.jpg,"fc588d51c1df9726b91d4a98f57d6940451a7e30ac164520bdb6bd6bfdfdf8fb",AVX-512,12,0.000336,6.311,2224,2011-10-19-Sample.E01
f0162928.jpg,"e53217fee421c8dcf786ac3dfe4d30393d9da9cb0ca3b0d0b6511f49fa7cfdc1",AVX-512,12,0.000283,8.406,2491,2011-10-19-Sample.E01
f0162704.html,"3af819fe9e5b4a711a95245f8da7264a097f2ba8e33a3999657c7f0f1c1b9af9",AVX-512,12,0.001022,105.775,113331,2011-10-19-Sample.E01
f0162632.jpg,"b08c1e131c8863bd159f612623ef11501b37f3f9c4346f144526999b340c79df",AVX-512,12,0.004145,7.549,32806,2011-10-19-Sample.E01
f0162616.jpg,"391c99a48fd22f48d56fabe9e5a530612233d9f957e3847396ae1cc518d6d044",AVX-512,12,0.000214,7.061,1586,2011-10-19-Sample.E01
f0162568.gif,"698def0aa7d5528e49a97da0b2e8076e54fd296342189e9bb032b87bc9b72a74",AVX-512,12,0.0004,49.221,20619,2011-10-19-Sample.E01
f0162528.h,"acada994ca48dbce7cc46db2d91a67636f3248b674c03e715beb0dc3fdafb858",AVX-512,12,0.00025,76.572,20097,2011-10-19-Sample.E01
f0162512.txt,"d57b4252f2148c4dc62dd727bf85c52d4654fa677da57c9f56b963a15eaed5a0",AVX-512,12,0.001224,2.464,3162,2011-10-19-Sample.E01
f0162520.jpg,"2fc8bfc2295607a8f86a5a31c4b0242c268285bba3517a2d9ae9aec09a8da061",AVX-512,12,0.000379,4.473,1777,2011-10-19-Sample.E01
f0162392.h,"5d1154caec955381f83d053b6edab3c1f334d2e119620be7569d46b5e332a4d2",AVX-512,12,0.000821,66.627,57344,2011-10-19-Sample.E01
f0162304.png,"c22e0564600fecf8121d86b7369f7b3ce2e499f3cce9a9908ffeb8b2326b0776",AVX-512,12,0.000949,42.901,42691,2011-10-19-Sample.E01
f0162280.jpg,"220f7ea44087f8f771e274a677b3525a8716f85a776540b663b901d530636c40",AVX-512,12,0.000356,20.084,7495,2011-10-19-Sample.E01
f0162272.jpg,"7d416c100174d032101d9bf809e71f1f545aa477000489c84e3457caed98dc37",AVX-512,12,0.000522,6.31,3452,2011-10-19-Sample.E01
f0162136.swc,"50e0e1744e441438adc2d8146ad30c808492401cfb2c2510c03be5f93672c2aa",AVX-512,12,0.003862,17.151,69450,2011-10-19-Sample.E01
f0162000.swc,"50e0e1744e441438adc2d8146ad30c808492401cfb2c2510c03be5f93672c2aa",AVX-512,12,0.001404,47.168,69450,2011-10-19-Sample.E01
f0161880.jpg,"f52786997c8aaddfc251006d1b2009fcf0d3d543e588a456fe8831589a48e54f",AVX-512,12,0.000689,2.427,1753,2011-10-19-Sample.E01
"f0161888_how_to_permanently_delete_internet_history.html","1c267538d7cd392506efcd2848b6544430e1697f7efa728d3b5d4d38f163bbdf",AVX-512,12,0.001507,35.226,55649,2011-10-19-Sample.E01
f0161872.jpg,"743d558aece5dc1e218130abe4f280a80a65f1aefb45baae4e5b99759b36c9a8",AVX-512,12,0.000498,4.821,2515,2011-10-19-Sample.E01
f0161856.jpg,"55e470aedd130af53ec3269f0599bfabe7dbfc34ba7cfb66cbc43dc1dc643cd7",AVX-512,12,0.000489,9.689,4966,2011-10-19-Sample.E01
f0161848.jpg,"7dbce5206e16fe73ef450e392af7727e7df3a35b1e112019f885c31e5d1ea8e0",AVX-512,12,0.000437,8.803,4029,2011-10-19-Sample.E01
f0161648.jpg,"d12ba3dba7497d7cfe31d9182f3c2bd67b40f27a52a2d2d9e794ecd264513a4d",AVX-512,12,0.001439,65.441,98751,2011-10-19-Sample.E01
f0161632.jpg,"b136180959f538828f10efb47fdf85677febfb920d8bf34f8b45431779d5d383",AVX-512,12,0.000679,7.003,4989,2011-10-19-Sample.E01
f0161616.jpg,"cef18c6d5c4be932765d9f71b7fc30cff3bd03d1d77c9540ba6ae04f0744b866",AVX-512,12,0.000678,7.053,5011,2011-10-19-Sample.E01
f0161600.jpg,"9248d7efaffab6f3a50cc684a72fe7f9197ed9887a715b908006f9fdc451b255",AVX-512,12,0.000495,13.368,6937,2011-10-19-Sample.E01
f0161584.jpg,"80568c16542dd212472ec975b20e06d51b04fefd456adafc7c65b7b744d91680",AVX-512,12,0.000482,13.826,6992,2011-10-19-Sample.E01
f0161520.jpg,"0643f9c29e3dbf9b59e62c8da2e6673fba9d1fe31754bf5ad351b969aefd9846",AVX-512,12,0.000475,32.209,16039,2011-10-19-Sample.E01
f0161552.jpg,"052bba4442baa0b303acd677a0c3180867a65ae72af9e721f36b37e6f5bf3507",AVX-512,12,0.000364,30.303,11566,2011-10-19-Sample.E01
f0161464.png,"aca5ade22a4946d396931dde90be5f0492f527e28f9bb81aed38accafb629423",AVX-512,12,0.000778,2.314,1888,2011-10-19-Sample.E01
f0161472.jpg,"690bbf2a99eb601b9c0bea273a6a68e4136eb571bc36c5d7306b036f070409eb",AVX-512,12,0.000365,55.213,21155,2011-10-19-Sample.E01
f0161456.gif,"e1b0f76de36318234c782fa61a032011a17ac6a543bfd98071194f38540e2306",AVX-512,12,0.000461,3.934,1900,2011-10-19-Sample.E01
f0161416.txt,"f2d19b8c7f78fb3d69a4b62671ecb85624b0467274e721e0eb4c5799730d9e6b",AVX-512,12,0.000318,54.504,18180,2011-10-19-Sample.E01
f0161408.txt,"10aa69727cc7f2b49e916d2a8ef91ac8e3d24234d9fe7fb81cb2f4053d4826fd",AVX-512,12,0.000587,1.664,1025,2011-10-19-Sample.E01
f0161376.png,"52e95fab529f39b4f4ed7bc7cbf22950ca78b803f4aa2f20836962710abe29f5",AVX-512,12,0.000484,15.294,7762,2011-10-19-Sample.E01
f0161208.png,"69ccfca2539bf9138af3220120f2e304b1410ae4e685b4f47bccc8bb055920ff",AVX-512,12,0.000784,57.878,47556,2011-10-19-Sample.E01
f0160960.gif,"79e423d42243d6077bd202c0bf0c455c933aa6182527b9d9da89dde0f9e59749",AVX-512,12,0.000456,3.739,1786,2011-10-19-Sample.E01
f0160952.h,"a9b9a2accf1dbb68d842059383148c9e51cad1e391514614befeb32561472149",AVX-512,12,0.000222,14.198,3311,2011-10-19-Sample.E01
f0160944.txt,"b757ab4abf6574768c3814c5e626978861f62d54055a9980672efcc3a4b43671",AVX-512,12,0.000423,4.294,1905,2011-10-19-Sample.E01
f0160936.txt,"f50d2df574833d37d4a6e1ef6fd77a7e7ef5dc6f7eec69496e98ec1a53a3fd43",AVX-512,12,0.000464,3.887,1893,2011-10-19-Sample.E01
f0160928.txt,"34b82a816501d8941c9604b909c9ce5ca68df0db9ecc28d523c3d3b613163972",AVX-512,12,0.000563,3.289,1941,2011-10-19-Sample.E01
f0160920.txt,"4d609d4696bd22f8e108755b76cc94640f5a049c8dc3163436f7648a1da1af93",AVX-512,12,0.000374,4.822,1890,2011-10-19-Sample.E01
f0160912.txt,"f2f649f10bfacfb3ec4e365043999e55ebdea662caff019454eb82a65f3077d2",AVX-512,12,0.000247,7.297,1893,2011-10-19-Sample.E01
f0160904.txt,"da74a755fac77635e9fde39beb3971101ac6b7d645f24507bff6bb0e34c5cb6f",AVX-512,12,0.000657,2.82,1942,2011-10-19-Sample.E01
f0160896.txt,"37ab09fb060b934391dd56034e830c58c1f2db35c6a08f9a1fae4410a1aa1677",AVX-512,12,0.000338,5.486,1942,2011-10-19-Sample.E01
f0160880.txt,"6334ef43aad88bb851418ca79af01b0215557b3b41a6fe548a2700b1c2bab4f2",AVX-512,12,0.000418,2.477,1085,2011-10-19-Sample.E01
f0160888.txt,"ad43f2eb1f0c33f3d04048e374e77fa41f0ce16c57c3f09d6cb0dcbef9b596f6",AVX-512,12,0.00056,3.304,1941,2011-10-19-Sample.E01
f0160872.txt,"418eefafba0230011ef1a34910c13e178b528608aedceaaffbe1d7da9dce689d",AVX-512,12,0.000282,6.096,1804,2011-10-19-Sample.E01
f0160864.txt,"e17a777cf3b1f872a529cbd204bd639f88bb4323b9ab0d00b78d889951787bbc",AVX-512,12,0.000688,2.499,1803,2011-10-19-Sample.E01
f0160856.txt,"bafe224566cbc201aa13a93149b2cc243e28d902b4f1a8bea6b848a0ca530781",AVX-512,12,0.000548,4.857,2793,2011-10-19-Sample.E01
f0160848.txt,"d7d95f3181b6e3ed7ac685e324c5d2f3da68e2297d7ae50fa95d343e906ce3fa",AVX-512,12,0.000753,2.646,2089,2011-10-19-Sample.E01
f0160840.txt,"4b79f8d29526e0e3e0a5ac5f140dd8261d4ade5e2917b4d280e38ce204c717a7",AVX-512,12,0.000241,9.45,2388,2011-10-19-Sample.E01
f0160832.gif,"2c6b47dbbfa648999f9fcbda6854f67de402583b5b023bb911f7686fc491b85f",AVX-512,12,0.000232,3.97,964,2011-10-19-Sample.E01
f0160824.png,"66350b682b52b29336fda2c234ce8b79b7b39bfb879f005ba022422ec4d33944",AVX-512,12,0.000214,9.408,2115,2011-10-19-Sample.E01
f0160816.png,"66350b682b52b29336fda2c234ce8b79b7b39bfb879f005ba022422ec4d33944",AVX-512,12,0.000214,9.421,2115,2011-10-19-Sample.E01
f0160808.h,"f1e1b9de73bbe4e56da7abd134f4236f34f247972d49921d6bebdffc7a364883",AVX-512,12,0.000409,5.252,2250,2011-10-19-Sample.E01
f0160784.h,"9b9402ebfb37b35e330337f8984007f0bdc73d14bc5de01e4c48f9d29f357f42",AVX-512,12,0.000273,35.881,10260,2011-10-19-Sample.E01
f0160520.h,"523fafc343b203631d4fd6a66d5c6be005ccc7aa0b82dcdb1cd2144011fed325",AVX-512,12,0.000828,2.014,1748,2011-10-19-Sample.E01
f0160512.png,"ed46142c89237f0a509ed584ab58d09c2042f5011615db905a70dc6df7eeefb0",AVX-512,12,0.00023,8.408,2026,2011-10-19-Sample.E01
f0160504.png,"9ab8f4b883cf06e5b02188fcdf0c44644fdf73fc4e943847621a9a8563b033f0",AVX-512,12,0.00022,6.605,1523,2011-10-19-Sample.E01
f0160480.jpg,"9b5addbfe709d8cac4ed8d39391ce3843e2bef5418370fa81a4e244ebd1de9d4",AVX-512,12,0.000306,37.636,12084,2011-10-19-Sample.E01
f0160432.jpg,"6c233fffbae409e3ae64ef299c6c31fe3ebfbfd63284603c62d68bd39554a8f7",AVX-512,12,0.000215,104.34,23468,2011-10-19-Sample.E01
f0160384.jpg,"a0c70cf8ec756746be6cc162693a93b21764e104ef56ebf7b60e1d4edc2c2962",AVX-512,12,0.00022,93.939,21641,2011-10-19-Sample.E01
f0160344.jpg,"ca28900c746411b06aa2b83abdf2c737d819f454721edceae0b861c9f862bac2",AVX-512,12,0.000215,82.173,18491,2011-10-19-Sample.E01
f0160336.jpg,"dc2977babe7c8b2de2333c232fd4fdf1221ce2fbb774491fc46a45727e56aa58",AVX-512,12,0.000259,8.031,2182,2011-10-19-Sample.E01
f0160320.jpg,"10a7ad71176ba458b972823ac8274cb39b1ace6187e9bfd7ac13bf374c610cb1",AVX-512,12,0.000207,28.55,6188,2011-10-19-Sample.E01
f0160312.jpg,"64ee8c7fc3f46d36d1143a72fa74e126953d657ed6f94ae5601804b80ffcb713",AVX-512,12,0.000529,3.937,2183,2011-10-19-Sample.E01
f0160296.jpg,"2eb3c92fa7ee5d152c270e4dc8deb55527dead79d3734fa2f9be40c924ac409b",AVX-512,12,0.000235,24.63,6059,2011-10-19-Sample.E01
f0160256.jpg,"8f5878c299702b9d8bc8648f4f5d3146c7355a9999dd9a68abf37fb4b2f05c54",AVX-512,12,0.000274,57.395,16478,2011-10-19-Sample.E01
f0160232.jpg,"3554a65adc711cb2a8d2273c746bb2283d397a74999dd60217a6908b7303492d",AVX-512,12,0.000479,24.451,12281,2011-10-19-Sample.E01
f0160192.jpg,"e99eb11d0a8cf7645c9525d390fc4b51648d800873af4e7b58fff0b6719ebd5a",AVX-512,12,0.00022,81.112,18703,2011-10-19-Sample.E01
f0160168.jpg,"5ee63950dc463adce517b9454b4f70f21964b8415c2d3d1bc6a9f6050383d320",AVX-512,12,0.000219,47.723,10939,2011-10-19-Sample.E01
f0160144.jpg,"a3590d892d493a21c3d0a06c46dc64927416cd539c6cc98d5f7e30abf0e894f9",AVX-512,12,0.00024,45.657,11490,2011-10-19-Sample.E01
f0160128.jpg,"a906683338fd8f85743c6eb3d8989afd02aa021e10e6b8664feb6241bae0057b",AVX-512,12,0.000252,27.455,7249,2011-10-19-Sample.E01
f0160104.jpg,"df5414d00901699fe2ac0863d0249c29b1b2e6db30c10be1b8c7c1506a67f31d",AVX-512,12,0.000401,20.497,8612,2011-10-19-Sample.E01
f0160080.jpg,"6a95475b0753cc55dcc95bb20262da4743fd4d0a16fdba2c4b871122863ab0c4",AVX-512,12,0.000284,34.5,10292,2011-10-19-Sample.E01
f0160064.jpg,"24aaf7b262688f625809c93f38d0d63b4ce43bed1911ba3eb060c84dd6d9e70d",AVX-512,12,0.000342,14.952,5370,2011-10-19-Sample.E01
f0160048.jpg,"304b614942d318654227f43b8626991aae76a0721780664d1aef4d2471501cbe",AVX-512,12,0.000476,16.362,8172,2011-10-19-Sample.E01
f0160024.jpg,"6bad73f1c0bea7dfa2785a4665e8948e4e2725a22e47d5b87b6c57c6fa7e303e",AVX-512,12,0.000231,41.448,10031,2011-10-19-Sample.E01
f0159992.jpg,"8863b6990a42366aec64d20dc9efc3816811a1959922fb076b7778a8b2af3567",AVX-512,12,0.000389,31.819,12979,2011-10-19-Sample.E01
f0159960.jpg,"101c41f1b3c8b47e0e8617149e83fd1f982ad4febe704df3303fbf772d0f3f2f",AVX-512,12,0.000205,68.023,14622,2011-10-19-Sample.E01
f0159936.jpg,"938db33f030ed8f0e5c6c78435bd9665816d2c80900ecbfbc986cd0f79414d44",AVX-512,12,0.000245,45.707,11723,2011-10-19-Sample.E01
f0159928.jpg,"10ea2ba4b61da59af974a5e46c00435078f2e5b2ad3ebc1db37f40a44e36a3dc",AVX-512,12,0.000276,7.917,2288,2011-10-19-Sample.E01
f0159912.jpg,"3b127bbb329c58fc5e5fa0cc89effe81513d3e8c4da92369a04d1db412a34eeb",AVX-512,12,0.000395,12.437,5154,2011-10-19-Sample.E01
f0159872.jpg,"88cf63142d2a1d8a5a053909c9970757447796471bd8565a92fc247a53e7509e",AVX-512,12,0.00021,83.371,18402,2011-10-19-Sample.E01
f0159840.jpg,"82920a9ebe179d6f821db6572daa2440ca05469964887f698b912a5560d5f546",AVX-512,12,0.000265,49.796,13816,2011-10-19-Sample.E01
f0159808.jpg,"19e516480c545f6e8093cf651c0a7cdf24dad15d00b9eb9fa923f7f0b72ba8bb",AVX-512,12,0.000261,50.285,13762,2011-10-19-Sample.E01
f0159792.jpg,"8107d87324e90b71d238dff0e38446d9f962a68ed537e756003d4e28e938597d",AVX-512,12,0.000206,27.258,5888,2011-10-19-Sample.E01
f0159768.jpg,"8f4e48c016fcd742efaad88cc2cb22320d1b5bc8061d78f675572f4df563f53a",AVX-512,12,0.000244,35.431,9080,2011-10-19-Sample.E01
f0159752.jpg,"44fbf39a3d2c510251b624644b436d081b7f235ef7c21b9c4e40281c1bef7f82",AVX-512,12,0.000298,23.421,7311,2011-10-19-Sample.E01
f0159720.jpg,"6023f27d6553a3764ecf5f947b6fc3f7ebd6400ce28d16ad6a1e7b4df1027ca3",AVX-512,12,0.000291,40.795,12448,2011-10-19-Sample.E01
f0159688.jpg,"6ee4d3a4ff3cb5006de37beb1af7e44b51d19e5d0eacdf9b7a57dbd23396b9a4",AVX-512,12,0.000236,56.853,14081,2011-10-19-Sample.E01
f0159664.jpg,"ecf618aa67abcbcdfcbe672feadc69c312a6981d92c93120853046d396fa0f1b",AVX-512,12,0.000242,46.42,11789,2011-10-19-Sample.E01
f0159624.jpg,"27fc9e8b6dfdf492d6268de3219f4da0ed7196164550dd4a01fdbb6a2d6159fa",AVX-512,12,0.000302,52.094,16491,2011-10-19-Sample.E01
f0159592.jpg,"4cbef7db7d1b3e3d4ea06ffb56b6778641a9e6e240b4885a5fa14e48f5a0ceea",AVX-512,12,0.000248,55.062,14313,2011-10-19-Sample.E01
f0159528.jpg,"7a4404a2191d4db116d5c7155d173706bc82aaf0658be99c1e8ac02520f7a563",AVX-512,12,0.000459,33.751,16244,2011-10-19-Sample.E01
f0159560.jpg,"82b764b5f192bb69d230100696cb8a3595697fb8327a55c78011a6d855d535bd",AVX-512,12,0.00029,47.809,14518,2011-10-19-Sample.E01
f0159472.jpg,"e374935dc0f606d0e1c3cdaee5bb32ba633a0d801669da73958be1f998931b3e",AVX-512,12,0.000277,44.601,12964,2011-10-19-Sample.E01
f0159504.jpg,"4de0f6708351fca5c531cb2cf669f19cac73fb8580245b5a0fba31c6773953c8",AVX-512,12,0.000383,28.043,11262,2011-10-19-Sample.E01
f0159440.jpg,"16fb3cc09972742d29ddc66c5acf9cffa29d7803e284aa888a55f1439c65db1c",AVX-512,12,0.000358,37.494,14071,2011-10-19-Sample.E01
f0159400.jpg,"9f6738f15c4f2b13864efcc442db02c2224e4adf47cd92fbe400e8e321eb8989",AVX-512,12,0.000245,65.982,16944,2011-10-19-Sample.E01
f0159336.jpg,"4664918da6b0770e24bebc093f577cdbe3925007c6185b7cdadcbacf5210a149",AVX-512,12,0.000411,36.259,15630,2011-10-19-Sample.E01
f0159368.jpg,"0d0f6e08fb27a1e75cc3c1f8c7c3075102b4f10b3a77a13e5bd7524073959526",AVX-512,12,0.000331,38.095,13230,2011-10-19-Sample.E01
f0159304.jpg,"629b43d530af74fea01cb51170253fc9cf731aa116dba2426fa6cd429e506a52",AVX-512,12,0.000497,29.498,15382,2011-10-19-Sample.E01
f0159280.jpg,"e0badaa914ce7f0e3b7774dcf2a272b0993640c29db6ed517daf8a7df3853043",AVX-512,12,0.000463,19.668,9557,2011-10-19-Sample.E01
f0159208.jpg,"55713175923f8dd437ae9fe8a52c1e6c48b151d8c2f111d29094edf00014b586",AVX-512,12,0.000262,69.737,19188,2011-10-19-Sample.E01
f0159248.jpg,"007f6511c1573cd9b042fc3e22d0cef1c8787ccdad78e024dbd3a3d735dfe0be",AVX-512,12,0.000271,53.001,15050,2011-10-19-Sample.E01
f0159128.jpg,"10465a130360008998e456c95cbc594592af844b8992c9ad732a558dbc442efd",AVX-512,12,0.000547,29.107,16686,2011-10-19-Sample.E01
f0159168.jpg,"690a9d18d007463d09242895830aca373806a67fef4a4338d2e0234754ccd2a8",AVX-512,12,0.000223,75.032,17537,2011-10-19-Sample.E01
f0159088.jpg,"4ba01858d65094a849abcbdbf69364e75ecff784306202600f23ddb62a2de9ae",AVX-512,12,0.000263,71.102,19623,2011-10-19-Sample.E01
f0159048.jpg,"42883bf3d15de7fe9da23def3f2f7799d42f4143192483b66ae3bb4d981f9c2d",AVX-512,12,0.000219,85.77,19696,2011-10-19-Sample.E01
f0159008.jpg,"325d58464be7a86926cf2191c39b841cdc97781c0cd280626c424ce5eff71ec3",AVX-512,12,0.000851,21.369,19059,2011-10-19-Sample.E01
f0158960.jpg,"4ebe53b20e2b3030e99e011e2c8da874d2b661b2aebe3ef068e664bc2b0ba2c1",AVX-512,12,0.000252,84.3,22249,2011-10-19-Sample.E01
f0158912.jpg,"ba69a334a63a7e8f4e4f3c792d3925885ec3ac777addc1b9d233a12cd3de38cc",AVX-512,12,0.000255,86.781,23204,2011-10-19-Sample.E01
f0158856.jpg,"6cf1f2aff6d0448a405b046300e11074f2531b3d48060eda29185cc4b8a042b9",AVX-512,12,0.000235,102.462,25302,2011-10-19-Sample.E01
f0158800.jpg,"025a280a77b3a14565cff3036cd1bbe56f841efd89420c22fb91e03da4bc7021",AVX-512,12,0.002051,11.475,24679,2011-10-19-Sample.E01
f0158760.jpg,"6961d32d2f03002f8255916d96effc47dee80f4c6564e0112e8bf0fd6f8223c2",AVX-512,12,0.000517,35.984,19515,2011-10-19-Sample.E01
f0158712.jpg,"10cae79460efe8131ee6ec124d472b9c3ec2abf52829803259cd6d4e9c5024fb",AVX-512,12,0.000285,81.042,24219,2011-10-19-Sample.E01
f0158656.jpg,"96333ecaf360f640bbb43391a4b2b2e658ab53fc17f9b373a3a80fcb3d5d662d",AVX-512,12,0.000431,55.691,25157,2011-10-19-Sample.E01
f0158608.jpg,"52abfa39b24008e58ee4079c3f81e166bfb4d798d79607b819645d965de8dae9",AVX-512,12,0.000264,87.347,24134,2011-10-19-Sample.E01
f0158560.jpg,"8aad7398495d85f825df79f800041a7ea67070e7d0f8e9471552e38ddf6fbc1d",AVX-512,12,0.000318,71.153,23763,2011-10-19-Sample.E01
f0158512.jpg,"f6e4ff6dbd183e3390728e2f358a0c68ca8eb7200b0e83419e5869508ae4c12d",AVX-512,12,0.000293,74.171,22819,2011-10-19-Sample.E01
f0158464.jpg,"69f9f9847e58651e196802ab3eb06b227055bf6a8717a2fcf4fce5e7b346e3e2",AVX-512,12,0.00065,34.211,23321,2011-10-19-Sample.E01
f0158424.jpg,"b66839f7e03c13af1b241951aba0b82c22e8feabdf3083abcd0294aef6391519",AVX-512,12,0.000312,58.243,19079,2011-10-19-Sample.E01
f0158376.jpg,"9cf36dae132f32994f9cb4e492afcf28e6e4c5278d74a84f54a65a6ec06413d6",AVX-512,12,0.000238,92.446,23100,2011-10-19-Sample.E01
f0158344.jpg,"d0fb7a52670777c364211a0caea8505ba6d1ef6727f335ec6d43918178980b6c",AVX-512,12,0.00024,61.487,15493,2011-10-19-Sample.E01
f0158288.jpg,"3e443dbc7b2dad1a4f69633316b183a259a8fb36e4f877d36522b04e0017770b",AVX-512,12,0.000259,90.884,24730,2011-10-19-Sample.E01
f0158232.jpg,"a4673f6327f9bc2c9805272a9d476a5accfc0284a43e375ba8e806cf7ffad625",AVX-512,12,0.000251,94.093,24814,2011-10-19-Sample.E01
f0158184.jpg,"3da79d5eda42c501ea47bc629a4339e203fb56596eddf45302d363842b1b2fe6",AVX-512,12,0.000312,72.836,23844,2011-10-19-Sample.E01
f0158168.jpg,"3ed9cee7807ec8df31671d58842a052273536f7b97bd697258460434df9d337e",AVX-512,12,0.00025,28.553,7482,2011-10-19-Sample.E01
f0158144.jpg,"72b807065f0b23b4268681579d39dde9f3177f9c28393d094d4b798f1fb93a18",AVX-512,12,0.000257,36.03,9717,2011-10-19-Sample.E01
f0158096.jpg,"c9e21a87cee528ebe360d61133b76a92bb6a379601596d13fb89aa6ce5541577",AVX-512,12,0.00027,41.482,11753,2011-10-19-Sample.E01
f0158120.jpg,"b88b8a28d7dd3101a1fcb7eaf2ec8a5bf3a98d5e4fc919a7d3e6af5460d1414a",AVX-512,12,0.000251,44.363,11690,2011-10-19-Sample.E01
f0158056.jpg,"050960196560b1208760c8bb0538e6014701010a695c87d2cef5ddd6e9aa50dd",AVX-512,12,0.00025,67.181,17597,2011-10-19-Sample.E01
f0158032.jpg,"ace11e009606167d8d042ae2bd7811eb494245c5a1be8e9dcf2c1edc95c048ea",AVX-512,12,0.000286,39.442,11849,2011-10-19-Sample.E01
f0158008.jpg,"ed05b710ec6fda3d6d9a36fe0f228d8a27dd21b51c9eff5c07f425debc554df5",AVX-512,12,0.000261,31.828,8704,2011-10-19-Sample.E01
f0157968.jpg,"d42c2573e1a657bfcca9d337264a2cdcc97e7ba142034f15c64c87663a0e6e19",AVX-512,12,0.000216,81.882,18580,2011-10-19-Sample.E01
f0157928.jpg,"fa89ac60276556ccc39df631a097b61ee8bf1ebd614d33ce28504066d7994885",AVX-512,12,0.000232,76.92,18688,2011-10-19-Sample.E01
f0157888.jpg,"43dd76c04f1f14a22a7fa8fedfac937589fa9b25a43155b49e3cefdf5b11d1aa",AVX-512,12,0.000232,75.728,18454,2011-10-19-Sample.E01
f0157848.jpg,"2ba6e81ca2948eedb30b096f86b4b0c6ca75af8fa16acdb228f5ed954106727a",AVX-512,12,0.000215,84.49,19030,2011-10-19-Sample.E01
f0157808.jpg,"0f5b427ad8ed1532c7b958e6427f44449c82d64d3fe18f45992e0f90366738c6",AVX-512,12,0.000432,41.464,18774,2011-10-19-Sample.E01
f0157784.jpg,"0f2107fbd13b2d5097c05cbfe9322ae02f5c09c361e45d95f9150f9d1a58ff48",AVX-512,12,0.000227,39.221,9352,2011-10-19-Sample.E01
f0157744.jpg,"979edc1ba262e7bfb1df71d62eeba23a025c4fa0c18473985fd9e6291832020d",AVX-512,12,0.000275,66.861,19280,2011-10-19-Sample.E01
f0157704.jpg,"7f0219279576d65a47ad9e5a287c12502919f07bd2db9de28275622795fbf171",AVX-512,12,0.000223,75.354,17628,2011-10-19-Sample.E01
f0157680.jpg,"c9286fcf9742d0169cf1e7c2369f01b5fdd13145693790c78eed9c2ef1762b21",AVX-512,12,0.000227,43.552,10362,2011-10-19-Sample.E01
f0157640.jpg,"9c77a63d4a82ee7a917ec9ccbae787e48a5e74b3191bff03284f7cd5e2bcb162",AVX-512,12,0.000261,72.627,19884,2011-10-19-Sample.E01
f0157600.jpg,"9509a0baf1f32ec4032f72477bb5ea3203af83f639e3978ce508f7aa68c63fbe",AVX-512,12,0.00025,70.465,18509,2011-10-19-Sample.E01
f0157592.jpg,"43eac0def263fcae34f8ffc9466ca7b79da4c936c1f5b00dd245013dab7d5d23",AVX-512,12,0.000221,11.42,2650,2011-10-19-Sample.E01
f0157552.jpg,"4566b1ef45a6d3eb6f2021e15e11d9ab4d5334f096c0c47ce612588a876d928b",AVX-512,12,0.000231,69.77,16929,2011-10-19-Sample.E01
f0157536.jpg,"c27039c00d0d807e3017d4566b4c2da64eb9e2b6811147ccf1653194dc8ff381",AVX-512,12,0.000219,34.57,7953,2011-10-19-Sample.E01
f0157512.jpg,"1d6b18b7ac22de98a8f32f434cac41147bc2d1f5f3f8a185216b65114f4ef739",AVX-512,12,0.000206,42.165,9099,2011-10-19-Sample.E01
f0157480.jpg,"3911f55381712757d1e654e996ed89aa427c48beefa3af3e4f0e973efbc1d5fd",AVX-512,12,0.000275,47.514,13696,2011-10-19-Sample.E01
f0157456.jpg,"cbc56ff569e9b32abeccfa4515b5639357f01217f5da49b250ef6744607222df",AVX-512,12,0.000269,35.576,10020,2011-10-19-Sample.E01
f0157408.jpg,"115dae0fe3c98f4c3a4ec1a5d20d5d83955ed5ba07d6aea812e4641285341a9c",AVX-512,12,0.000303,66.575,21138,2011-10-19-Sample.E01
f0157360.jpg,"919427558aaf47572eee42797e922cecfd2dbd3a0b1b93d56f8c497e48e62d8f",AVX-512,12,0.000448,46.528,21857,2011-10-19-Sample.E01
f0157320.jpg,"98d9c3a9203417da0a3150c2c50671a15fffe630d5b76c2b332ebb378ddc77ab",AVX-512,12,0.000481,38.982,19661,2011-10-19-Sample.E01
f0157280.jpg,"480f62893c8b689b9f8e7cc21ef678e26435585d2ddd13e5831e78fc818c991f",AVX-512,12,0.000227,81.096,19269,2011-10-19-Sample.E01
f0157232.jpg,"32a70af321f495aec53744f2ec3ba91b621f4fd3d8af6d1bf7485d45994b3161",AVX-512,12,0.000844,24.056,21279,2011-10-19-Sample.E01
f0157208.jpg,"8cc4efc607160960d7acdaa49b11df423842ab78eebfcd727316f3895a307ed8",AVX-512,12,0.00031,31.11,10119,2011-10-19-Sample.E01
f0157160.jpg,"eb3b811b9833ce067850a277b3f7aa8264c885d604362b6030218ae3a04c275a",AVX-512,12,0.000216,98.855,22390,2011-10-19-Sample.E01
f0157112.jpg,"8d77f08afb7696b9c6d3eb57f2c647e1abb767b183db2fd496e6bb69cb9a69e7",AVX-512,12,0.000287,73.082,22024,2011-10-19-Sample.E01
f0157064.jpg,"dc7e2966b8388002ffd01966d889a0f9bd0bed8a389117eae0ea7e89a1ebadb5",AVX-512,12,0.000231,91.829,22291,2011-10-19-Sample.E01
f0157016.jpg,"1fdd3792e83253046b3f3567e48c07b0248398900b62fbe9238f96d6601dc570",AVX-512,12,0.000263,82.437,22691,2011-10-19-Sample.E01
f0156968.jpg,"f2b6cc54c89b552673734209a0f6f15c0c4d611ed87c770d15b4bf2a1f89281d",AVX-512,12,0.000307,70.705,22798,2011-10-19-Sample.E01
f0156920.jpg,"1220f8de7e956e0871a0fa27e3cb493885903a3c2bbddbc77334aab8e941091a",AVX-512,12,0.000244,88.609,22643,2011-10-19-Sample.E01
f0156872.jpg,"c9ce1a9a1a4f6f2c145de8c9c9d141331fe95fbd4d44e45cfe01e3ca00bc744d",AVX-512,12,0.000602,34.53,21779,2011-10-19-Sample.E01
f0156824.jpg,"150644abfcf2c3a7515db86dd393aa0df0dfa67756ce0b1e364b00b02bdebd5c",AVX-512,12,0.000252,81.365,21500,2011-10-19-Sample.E01
f0156744.jpg,"67db227a60fa152d256397d7e20d86d2804f55c8e8c20aa9f3a3db5d22200f7e",AVX-512,12,0.000288,58.072,17519,2011-10-19-Sample.E01
f0156784.jpg,"91966f3abcb51129edb8626cac14e1ab093c2b09b97d6cb9560540341708a04e",AVX-512,12,0.000542,31.913,18154,2011-10-19-Sample.E01
f0156728.jpg,"31ac4cf77d6b736e79c0912eddb6e745099792b2e78d4f610e81356f9b87f9af",AVX-512,12,0.000303,5.74,1825,2011-10-19-Sample.E01
f0156736.jpg,"d137883cbe2238d34dc6357e63aaa80f4c5a560c1945750bd8fb8975fd767b19",AVX-512,12,0.000332,7.648,2665,2011-10-19-Sample.E01
f0156720.jpg,"b645e0802f31eb2883b6a91492ba7a5bc420717a002b5906727afbd86cbc732c",AVX-512,12,0.00032,5.569,1867,2011-10-19-Sample.E01
f0156712.jpg,"51e8d65fa1b5d7ba26a5df56c036a2cc8e11d4d46dbbb973918ac1fbfee55426",AVX-512,12,0.000341,7.827,2798,2011-10-19-Sample.E01
f0156704.jpg,"e504557a22e0aea6106aef318e76e9ddcbbd165ec4f716cc31979846baba0950",AVX-512,12,0.000279,11.324,3313,2011-10-19-Sample.E01
f0156696.jpg,"c091d5f5b659b736a4d825f8481f1e3a59acabb808dc5fde257be44389f7510c",AVX-512,12,0.000281,6.429,1891,2011-10-19-Sample.E01
f0156688.jpg,"412ceeed3ac4d35ea31e7bfb99a1329494191b7d2f7c551ad7e269f2b5d2de94",AVX-512,12,0.000232,7.728,1880,2011-10-19-Sample.E01
f0156680.jpg,"6ec84c401443a556d7e2b6f05aa76bde23ce1d7285c61b7d1c35cdf1ff48a468",AVX-512,12,0.000216,13.809,3132,2011-10-19-Sample.E01
f0156664.jpg,"d49f379b324cfc00032fa69b28cb7d21a1e03560e89274e3aaeac87e09c0c5f8",AVX-512,12,0.000242,10.538,2674,2011-10-19-Sample.E01
f0156672.jpg,"2199fd388bba7c58650835b510fc1aea5ba77ecae8c4c23ea0af3c01808a999e",AVX-512,12,0.000389,4.809,1960,2011-10-19-Sample.E01
f0156624.jpg,"ad827f00bda59a98bda589ae436ceed4b201b387073c59f02a43e60073a3e12c",AVX-512,12,0.000717,11.493,8638,2011-10-19-Sample.E01
f0156648.jpg,"241a5f2a9aafa64e999664100325bea03de906f89d4ece684b7a2df75cc002b5",AVX-512,12,0.000234,30.706,7531,2011-10-19-Sample.E01
f0156592.jpg,"43684b64effe574f1707a96007737b6ab6e1fcced16ff2a525c9363b13f27524",AVX-512,12,0.000263,29.516,8149,2011-10-19-Sample.E01
f0156608.jpg,"4b05fba7c1c0fd460c0772815d6ad30d682bcdda69c85bbba223735e7b3948fb",AVX-512,12,0.00031,23.747,7724,2011-10-19-Sample.E01
f0156568.jpg,"24628535fb7b871302c0223f4af889e8daba0edfd59ecb25ae52102fb277b8de",AVX-512,12,0.000328,25.885,8911,2011-10-19-Sample.E01
f0156544.jpg,"fbcc5ffa7715424740aecdc5e9283abfd01dec022cfcfe984e5ae5d3cfe177c1",AVX-512,12,0.00025,41.359,10829,2011-10-19-Sample.E01
f0156520.jpg,"6a7faa7d5e444e4ea2b8110f7c87b771bb3cd7cb146da729ea157c5ff5f8906f",AVX-512,12,0.000229,44.229,10602,2011-10-19-Sample.E01
f0156496.jpg,"002f33437ee6027e515cc341df62083d1e0c737b55bae1ab0f25d93cfc977843",AVX-512,12,0.000368,22.162,8561,2011-10-19-Sample.E01
f0156464.jpg,"c0669a8f97dd16648e8ce108a1f6ca045bf12fed2b4d1496427b96b40bb939b1",AVX-512,12,0.000231,59.349,14357,2011-10-19-Sample.E01
f0156432.jpg,"d4aecd3fe5191176a1e67da7cdbc15f677acb2a6be6aeb4efa33acaacfaef084",AVX-512,12,0.000265,52.854,14681,2011-10-19-Sample.E01
f0156408.jpg,"f59be29c4c331df7b0d9a505aa3745bcdb76f3758086055a8711f65a0302a91b",AVX-512,12,0.000389,25.159,10270,2011-10-19-Sample.E01
f0156392.jpg,"05476e919a65560f58838dec746933837e3f7dc195962ee0eb1a58264fb4f550",AVX-512,12,0.000525,13.073,7201,2011-10-19-Sample.E01
f0156376.jpg,"a158c5f615dfb44c7fe7fb5162d88e02f6590ca064854ecc7607b1dafe86d77f",AVX-512,12,0.00073,10.262,7855,2011-10-19-Sample.E01
f0156352.jpg,"faf2c6d902bd7646da5cc70f725b7ae88d7a9ba3fd6f872a72e7312708c54435",AVX-512,12,0.000324,35.808,12158,2011-10-19-Sample.E01
f0156336.jpg,"603c825781d558c5518ab11a65592ad691e71e9e7f64f9fbf0f20d74833e6b59",AVX-512,12,0.000244,30.738,7858,2011-10-19-Sample.E01
f0156312.jpg,"b8340649af045121a880ac28cfbff5a88ea29a45cb42ca3522615672a7236c03",AVX-512,12,0.000226,37.09,8774,2011-10-19-Sample.E01
f0156296.jpg,"ca671f480155e3f5be16a96b3cbba7885ec0e1cb023ca172b689efd6141dfdd6",AVX-512,12,0.000304,19.849,6319,2011-10-19-Sample.E01
f0156280.jpg,"24fe6ab3e206081ad5a18d9ce7ce29cae7df46252ec45c70631c98cfb522aeaa",AVX-512,12,0.00036,14.654,5538,2011-10-19-Sample.E01
f0156272.jpg,"f020e695c97b87095b1ef2ae3a2f828b1d27ee5f18ce295495d0eccbe247182d",AVX-512,12,0.000215,15.11,3408,2011-10-19-Sample.E01
f0156256.jpg,"05d113f29009ee42715e02104cb1a8306b38f5c127fd9dbc335fa8ebbfc35ff6",AVX-512,12,0.000206,37.024,8009,2011-10-19-Sample.E01
f0156232.jpg,"1c1750b115da22d6f4c79e01cc99fa6d8b999b008cf1b654057637c6b01ff9cc",AVX-512,12,0.000315,26.417,8731,2011-10-19-Sample.E01
f0156224.jpg,"5146826fc49031499778f4c289788a87de4b65d317256e3f571d36ed7588db28",AVX-512,12,0.000241,7.041,1780,2011-10-19-Sample.E01
f0156208.jpg,"0d10bc2debdbc6710a1ed28a4d675a618de41f6b14139fffac2e9bd411bfe625",AVX-512,12,0.000253,25.655,6806,2011-10-19-Sample.E01
f0156184.jpg,"006e43af850c6ec2e2a47ae7ffa944267e978201ef8be56ff972a89b31323063",AVX-512,12,0.00022,38.351,8843,2011-10-19-Sample.E01
f0156168.jpg,"21a1139d455ea89f863ec694312b3cab82fad3c92b19dc5e2591c6f6cc233085",AVX-512,12,0.000203,28.182,5993,2011-10-19-Sample.E01
f0156152.jpg,"7d507bb43593f1860ecec8113fc615b5e8913f39acd27f5533a57491f0dc6b19",AVX-512,12,0.000311,17.251,5633,2011-10-19-Sample.E01
f0156128.jpg,"8347ff1319ead79c5363de7c9784b63ea1060732b5829d7398be7afa8c2dcc25",AVX-512,12,0.000256,30.739,8261,2011-10-19-Sample.E01
f0156120.jpg,"7a1d74f14fefcd009ee414532ce3bb796546933d964f3b7fc1cf834c387f81ca",AVX-512,12,0.000328,5.222,1796,2011-10-19-Sample.E01
f0156112.jpg,"f26c452cd36678594159b9aaf78bb5b4ae115e5cd2fdf9bb1833ee882800f3e0",AVX-512,12,0.000198,9.334,1937,2011-10-19-Sample.E01
f0156104.jpg,"8211914fa3f0a4ad082aff7b4d235acfc471ff5023971e3a7ba068e1fd80e9eb",AVX-512,12,0.0002,9.336,1956,2011-10-19-Sample.E01
f0156096.jpg,"dc0e1e7d9c43749d852872090df23c57d36b5db28e4bee93229b4c2260621cab",AVX-512,12,0.000246,7.752,2002,2011-10-19-Sample.E01
f0156088.jpg,"9f99c3db7e48280b7b09dfcf28c56f7aad9f532556a6b910e72e505b2c48537c",AVX-512,12,0.000247,7.355,1905,2011-10-19-Sample.E01
f0156072.jpg,"6e8f509ad7ce277f5537208432203be33626b711b0d1e33d2ff430fcda24b8a8",AVX-512,12,0.000239,23.396,5856,2011-10-19-Sample.E01
f0156056.jpg,"da79410c5e7d7c64e222ecf189ab20898c5ed30476489ffc76793751bf7517fb",AVX-512,12,0.000216,35.498,8040,2011-10-19-Sample.E01
f0156032.jpg,"99b605e9dcc09a9e6fde6c11845f551e349306e04222e90c1d1164b86da99617",AVX-512,12,0.000352,28.019,10330,2011-10-19-Sample.E01
f0156008.jpg,"8cfdac8a3bbb25e933ea8920549171f69a7d1b2fee12569da70604e591b74a8f",AVX-512,12,0.00022,41.217,9504,2011-10-19-Sample.E01
f0155984.jpg,"229292b2bc187698d9cd29e746cdc2f0bdfb318c0a213c42f6f449472615ba5e",AVX-512,12,0.000313,6.224,2044,2011-10-19-Sample.E01
f0155992.jpg,"cc69d4b2531403ec6a37b00be32e9da763138c9603b78712a2f33d1f6a265c06",AVX-512,12,0.000212,34.011,7557,2011-10-19-Sample.E01
f0155960.jpg,"88af04e1a13b6d2e81c8574cb917a1732ae1e825ea0006fa1bfb685a2ae61de5",AVX-512,12,0.000354,32.338,12014,2011-10-19-Sample.E01
f0155936.jpg,"6616330d8d4acc08aeb4cb460750d3a3aa9512cb953d3319aee7c208216d9baf",AVX-512,12,0.000274,31.932,9161,2011-10-19-Sample.E01
f0155888.jpg,"f69a68191e0c7ff4928b6c4f7a053c5118c8e5f2f749707e596561055df1d3b0",AVX-512,12,0.000342,31.818,11397,2011-10-19-Sample.E01
f0155912.jpg,"cd134efd0a608169299c87de07aa17de4cc8fc2174accf5b5cd0e1a26b84da3e",AVX-512,12,0.000432,19.424,8803,2011-10-19-Sample.E01
f0155864.jpg,"13da9a8982a76b24804b2295df4c3881f9f5ffab3161852d93086b249a9f9c95",AVX-512,12,0.00027,36.645,10390,2011-10-19-Sample.E01
f0155832.jpg,"6087447ff326b4f8c2b414c2db2afeae6e3d3a8486197d27709c277b98b9f011",AVX-512,12,0.000233,51.843,12677,2011-10-19-Sample.E01
f0155776.jpg,"2eea70ba7799fe5d88bc6cb584f26299a9af7d9c25446d39a708e859c452c1f0",AVX-512,12,0.00021,44.72,9852,2011-10-19-Sample.E01
f0155800.jpg,"d204d6f10ef016c951a66afe57492a9bed39ebb2392e1fd9c3650d3ec696e14c",AVX-512,12,0.000206,57.405,12418,2011-10-19-Sample.E01
f0155744.jpg,"b04f40aa426967a682ea863bfd312aee4ed1ba91bc978a08e538837b07bfc204",AVX-512,12,0.0004,16.643,6977,2011-10-19-Sample.E01
f0155760.jpg,"8371963cf629ba055aea34a77911ae00503ae11eb46cce2365a3b93d04ce9f3a",AVX-512,12,0.00027,28.744,8150,2011-10-19-Sample.E01
f0155712.jpg,"0f5ca903c90587c4efeeeee76277e9fb1dd50a3a80acdcad1348f92124223e74",AVX-512,12,0.000286,45.266,13556,2011-10-19-Sample.E01
f0155680.jpg,"fa09edecd47cc58441193a1ae77048af3330af7f54b322966b90a8f4bb6b2ed0",AVX-512,12,0.000229,52.566,12639,2011-10-19-Sample.E01
f0155648.jpg,"44b31b29d75d7fe2e0fc7853fc7ffabb2edadbfcd015b47b9a76a2e3c0fc0ba2",AVX-512,12,0.000236,55.759,13810,2011-10-19-Sample.E01
f0155624.jpg,"0e9bf31bfbbb458bdea1b95be346c1db04560b10ae83478c0b68a76f7735538f",AVX-512,12,0.000246,47.439,12227,2011-10-19-Sample.E01
f0155600.jpg,"5de43e31c1229c5e93f291df7060bfc22253a4ba632bb81c17a0ed41610a78d7",AVX-512,12,0.000354,32.859,12204,2011-10-19-Sample.E01
f0155568.jpg,"f0342a71e80232a557ab92e05e8b92d386971353fe95741d096a61ff0d1a2ec0",AVX-512,12,0.000356,35.341,13200,2011-10-19-Sample.E01
f0155544.jpg,"91ac90a02c7fa9b3a4128451de3b0cef9d030a62536492f5b938b078d212c519",AVX-512,12,0.000483,19.433,9850,2011-10-19-Sample.E01
f0155512.jpg,"0d6327ecc152cda2405f2401b028a46dd0c613212b554c5fd9521851f607cde5",AVX-512,12,0.000268,45.554,12811,2011-10-19-Sample.E01
f0155472.jpg,"cfe547e55e955ca9fa2fcca2dd85ea2cfc5e7285c1e9ddde6004ba2b195719ce",AVX-512,12,0.000272,59.187,16881,2011-10-19-Sample.E01
f0155448.jpg,"2a486870752a4966c32f2736162dd1ce93f8c0f7f1d700b2663e296ac1654140",AVX-512,12,0.00022,40.948,9429,2011-10-19-Sample.E01
f0155432.jpg,"0ec7c5413ee32a13e65e5f0c091462fa9378c0e296006244c9789c0947396af7",AVX-512,12,0.000251,26.427,6961,2011-10-19-Sample.E01
f0155408.jpg,"1ba6999539ec71704cc7849cc19e899ce9561194f7cb10b714ef775e2bdd0b18",AVX-512,12,0.000224,47.01,11027,2011-10-19-Sample.E01
f0155384.jpg,"dc6394d6622fd0719bfa2154184edd481ecae04993fd2d74fa5b10622668ebf1",AVX-512,12,0.000259,39.827,10833,2011-10-19-Sample.E01
f0155360.jpg,"f9fff2f730e7211d46f764f0890f9ccd27c31b0f21d685aad006f7bf5cb13670",AVX-512,12,0.000477,19.454,9722,2011-10-19-Sample.E01
f0155336.jpg,"2169fb003e276a3440e4ab15465a77ca992c85a5fe7993fe535e6f755c76b2f5",AVX-512,12,0.000406,26.132,11125,2011-10-19-Sample.E01
f0155312.jpg,"4746eea13415842cbc4a0220121bb79f870239f3ac7ba95030e089482287a680",AVX-512,12,0.000327,30.409,10430,2011-10-19-Sample.E01
f0155288.jpg,"a6cb8decc2be8f51c0544076fd79bf544adc54b1c09d0f58757511beed864cf5",AVX-512,12,0.000389,26.342,10753,2011-10-19-Sample.E01
f0155264.jpg,"d124238b408834208deef6b271762f13a70cd77cb37b4a886bf6d5f073c1c5ea",AVX-512,12,0.000366,31.125,11942,2011-10-19-Sample.E01
f0155240.jpg,"defb82d9ecebeb84ad6d1e2e6c5401378cfe9ed68bdf760d25ba400a4ad44220",AVX-512,12,0.000307,31.378,10101,2011-10-19-Sample.E01
f0155216.jpg,"37b7c7e00a75251fa48961117431681683a98d6d18b7dc05e706d9123322a796",AVX-512,12,0.000255,33.304,8905,2011-10-19-Sample.E01
f0155184.jpg,"0482fdecb8c24cfc35e3a1f85ba70930c77b9f994998b17e3678926a559eac42",AVX-512,12,0.000754,17.309,13690,2011-10-19-Sample.E01
f0155168.jpg,"08bbcf14853f669bb62c56ea6c2cae52e1a54f4c899e780c601c4015f2114ae0",AVX-512,12,0.000238,32.117,8032,2011-10-19-Sample.E01
f0155144.jpg,"0033e9c2c750dc84a32bd6cd577e127407a991892bcf2d8dd88bf34268d445ba",AVX-512,12,0.000279,36.852,10789,2011-10-19-Sample.E01
f0155136.png,"e7c85c82b7201e509abed64e77b2908248f2f6ae99beda4d86a5066566b51311",AVX-512,12,0.00021,10.051,2209,2011-10-19-Sample.E01
f0155080.png,"9b8c329b560fea54ea246fb3553fecdbd3d1ee4ac66d88c868a90fb2c559442d",AVX-512,12,0.000383,5.293,2127,2011-10-19-Sample.E01
f0155096.txt,"9287b8a0c96f23cff7620da6047117bef7cd886ea467ba41312217e82e6c0cdb",AVX-512,12,0.003483,4.595,16782,2011-10-19-Sample.E01
f0154936.txt,"afda45d54a70bb2b67d8b0ab7d598a66f78b0bb063c2c8c7c3b848615860646d",AVX-512,12,0.000831,76.458,66647,2011-10-19-Sample.E01
f0155072.h,"1eeec4547e11f4a52ee4c2e517382e376e9b297d02724f07f0783a00ba3cb939",AVX-512,12,0.000304,6.009,1915,2011-10-19-Sample.E01
f0154864.h,"00724b5b8fc30ea420d0ec7ad901c4a6ec1c5b3c9c2148724b2c5b646d4096a9",AVX-512,12,0.000654,11.862,8131,2011-10-19-Sample.E01
f0154880.txt,"8293c3163ba7056c134cddd92cae6675f248ef2783ff62dcee11381088d230c1",AVX-512,12,0.000275,95.236,27472,2011-10-19-Sample.E01
f0154856.jpg,"968d64d759785a458a5a5f36bf0d9f122ed73aa27998892fce6ad0931193ee9c",AVX-512,12,0.000332,5.374,1871,2011-10-19-Sample.E01
f0154768.h,"3cd73cb9ae314988dc9665d9ec777b04f1d4c16f60e307c0927253907da9804e",AVX-512,12,0.000663,64.29,44708,2011-10-19-Sample.E01
f0154680.h,"225372255f0a71b4544b2fdf83b8693cda3b1aa0ccd546b0ef49f83eef33bdba",AVX-512,12,0.00255,16.722,44708,2011-10-19-Sample.E01
f0154672.gif,"26e2329a15f336e1cac8ed25c36f9a34dcc6ebf161af55d170524a72d78da1f3",AVX-512,12,0.000481,2.539,1280,2011-10-19-Sample.E01
f0154664.gif,"ff38472dd4fbeb20be0558d9e6af821bd6f8a681f3c7fea36bedf2b33129f07d",AVX-512,12,0.00021,4.366,961,2011-10-19-Sample.E01
f0154616.h,"9e81c49a280469893492c60375b86f6c66a6003e74ee67c200120699b5b580fe",AVX-512,12,0.000229,93.302,22365,2011-10-19-Sample.E01
f0154560.h,"f94b16e4db1e2f81a088f588925beea321048c83048a3386b52355e2d57926a4",AVX-512,12,0.000323,4.971,1681,2011-10-19-Sample.E01
f0154536.h,"7a529b18ea8353af834d4c2c587998d134c88612a0e93069ad860a5d5895bd20",AVX-512,12,0.000484,16.434,8337,2011-10-19-Sample.E01
f0154504.gif,"a386bb1a27465d4c4bfe9a2e4240b7253d366b3f4a77c91a23997a94f258ca3f",AVX-512,12,0.000378,1.532,607,2011-10-19-Sample.E01
f0154512.jpg,"c1e466a6ae8989510b9ed5622e603bef8d4350aafb99b1be9625e9598fc3630e",AVX-512,12,0.000375,22.684,8915,2011-10-19-Sample.E01
f0154464.swc,"53d1b63dbe9db61d450eb799c73c7f45ee523ebe07347dcf7aefa4b8f6dbc852",AVX-512,12,0.000351,21.42,7895,2011-10-19-Sample.E01
f0154488.jpg,"2c0f16ff39d50107c8023e09fff2dd9fcb40f3dfbdba4cbed90f64dd266e99ce",AVX-512,12,0.000319,12.774,4277,2011-10-19-Sample.E01
f0154376.png,"79c12f9dfc61846deb391038b66665cef97c8e43bbf762c98dea9f916a480a4a",AVX-512,12,0.000341,51.267,18342,2011-10-19-Sample.E01
f0154416.swc,"aedb73a3bf28c76fbf254ffb4a6ca49d050c4b581d24a2752585506931f46c53",AVX-512,12,0.000409,57.36,24576,2011-10-19-Sample.E01
f0154368.jpg,"746d43859400ad614ef01989075dfaa0626680d5179595125a70cfb248861f75",AVX-512,12,0.000254,6.455,1720,2011-10-19-Sample.E01
f0154104.java,"9f1a8d82dfd03802da935cc323fd3e279e5447736cde8afb683054b87637d841",AVX-512,12,0.000916,138.083,132628,2011-10-19-Sample.E01
f0154072.h,"bde31d7f3ada504ce3fd94777ed79ca7afecd631a0d46009e44801656e88266a",AVX-512,12,0.000328,39.029,13411,2011-10-19-Sample.E01
f0154056.h,"a32d80d93dea182a5be1469bda54924cca781d0a7314ec735ee319d700191d67",AVX-512,12,0.000336,2.316,815,2011-10-19-Sample.E01
f0154016.gif,"778c6ed7b18737ae19abf61ae53dc963e87082ac544d7c280de18bf1ffd85532",AVX-512,12,0.000243,4.417,1125,2011-10-19-Sample.E01
f0154008.gif,"4f683285c1453a5cf86e3e6da3360fe8750c695e2274178d53933934c0b5f348",AVX-512,12,0.000242,12.771,3242,2011-10-19-Sample.E01
"f0153624_google_maps_Bing.html","a80313a83d910ad0eff7384a6b1fa9a8c77e12f3f2353c03818c0f317432a216",AVX-512,12,0.00368,9.649,37229,2011-10-19-Sample.E01
"f0153704_wipe_computer_Bing.html","6f891ab20410dde5133dffee82923f3c13325be0fec8a072ae59bc43a874c036",AVX-512,12,0.000899,36.965,34846,2011-10-19-Sample.E01
f0153120.gif,"4c6cfed27147a958e8e9f12fdc359f53db1b61fdc24f3e43196c5a66bf64c413",AVX-512,12,0.000463,1.692,822,2011-10-19-Sample.E01
"f0153560_google_maps_istanbul_to_hamburg_Bing.html","84c8e0a701a4068b891c148a8ad1f19edd1bed5f50615b4d3c9d6c7cad22ce89",AVX-512,12,0.00028,100.989,29608,2011-10-19-Sample.E01
f0152648.png,"ffc04cd46ec31b5c389b025fffff99adb9b9f449868095acc5564329e003dcb5",AVX-512,12,0.000316,4.705,1559,2011-10-19-Sample.E01
f0152656.png,"1f4763fee297432aa57099dcfab47939abae39cb36e0e063542933a5acc1b333",AVX-512,12,0.000338,1.826,647,2011-10-19-Sample.E01
f0152608.txt,"feb47085ceee8a1c8fa0463a50e99d0969920aefd4dce4e4aa27a6f253764329",AVX-512,12,0.000241,69.337,17522,2011-10-19-Sample.E01
f0152536.h,"6b48d1627ad5d896c1ba99b5657437408e2c6194c3d04d773df7f339536605c1",AVX-512,12,0.000246,122.562,31602,2011-10-19-Sample.E01
f0152496.html,"80840d5e51764667698279ebee869445363c00812b1a3b8f99123030d626c068",AVX-512,12,0.000228,79.328,18982,2011-10-19-Sample.E01
f0152480.swc,"793982941c7b07704393454302aee38d116cf6f2a87b8a75a19ec9d40cb00e00",AVX-512,12,0.000223,22.535,5260,2011-10-19-Sample.E01
f0152464.jpg,"11f0b93c6b792c1ec57588322cb370ce9f329b519b4e69200f20d9a7329a3b18",AVX-512,12,0.000257,28.951,7811,2011-10-19-Sample.E01
f0152456.png,"e4fec30000ce4856e3ec42249febaf41ccd762af151eeaa7de22eb1854f433c5",AVX-512,12,0.00043,6.155,2772,2011-10-19-Sample.E01
f0152400.png,"8297844956cea2b856845f0d9bfc2c33ded927d9ab37e48d085229785cd5f651",AVX-512,12,0.000436,2.577,1177,2011-10-19-Sample.E01
f0152432.gif,"14748b92d49db7c34e4dfc9bfdaad891041cfb92f2504e6a2eb452166b744f03",AVX-512,12,0.000229,9.087,2182,2011-10-19-Sample.E01
f0152376.png,"7cf010fe3b1401606dbaab89a44a1f0acd319b54a98a939c4b992f33636e36a2",AVX-512,12,0.000298,33.212,10385,2011-10-19-Sample.E01
f0151912.h,"0c352f99f9fd9209cbe0612bb32caca15104d8e735f90dbcd7a8932db182bdf7",AVX-512,12,0.000275,25.0,7201,2011-10-19-Sample.E01
f0151888.txt,"744db3b42593aab32cae095e0509441d60c32f41553aa70acdd863e1b8f56ec0",AVX-512,12,0.000223,35.433,8289,2011-10-19-Sample.E01
f0151840.jpg,"61d3f6a078419eaa3ccd1cb297893181ffbbe80b405c5220fce81fda9bfb0ecb",AVX-512,12,0.000215,102.188,23059,2011-10-19-Sample.E01
f0151832.jpg,"4f33352b087df5c35e6365e8ab36420f83a40b5a6ba1de24872921636546d480",AVX-512,12,0.001822,0.907,1733,2011-10-19-Sample.E01
f0151824.jpg,"b1104deb1794f0b8a7af4c221239221bbbaf78e0cc5ff932bc3e848d30b6f17d",AVX-512,12,0.000911,1.981,1892,2011-10-19-Sample.E01
f0151816.txt,"39ac615c70dac095ef7800bf8469f9972f04dc38f1512d4d97e2437e49921dea",AVX-512,12,0.000621,2.491,1621,2011-10-19-Sample.E01
f0151808.jpg,"cfb400f144364f3a708f198c4a4596ef0bdec0ef7692c687ddd6bbc622746bd1",AVX-512,12,0.000468,5.964,2924,2011-10-19-Sample.E01
f0151800.h,"8598a3e383b439d28fab78d20bb4cf89c4f66f7e4bffb10e3cd85153e941019f",AVX-512,12,0.000352,5.353,1977,2011-10-19-Sample.E01
f0151776.h,"80a261c59b9d32a6a4e788b16f0f77e3af68e947fed5148044b18b299a3f53ff",AVX-512,12,0.000244,45.389,11613,2011-10-19-Sample.E01
f0151760.gif,"258ca98506d6cf6512d1a31d3c3a5b9bf45d056cea13ad8942eab531cd107bae",AVX-512,12,0.000407,2.512,1072,2011-10-19-Sample.E01
f0151768.txt,"53a511bf89de0205339b4dcf47c0379a454786e14d27397592f301e1e70e5023",AVX-512,12,0.000421,3.362,1485,2011-10-19-Sample.E01
f0151728.gif,"9ee09ca81888cdce4d888e7ac536f17147a9afc5e8648d8c43248062694f44d3",AVX-512,12,0.002462,5.159,13317,2011-10-19-Sample.E01
f0151720.txt,"d67d3d0af00330d40dbed2e6cfcd85538660c874aa28e7e47753da51c60c5f7a",AVX-512,12,0.000312,2.437,796,2011-10-19-Sample.E01
f0151712.txt,"6c412e71acfe3f9f89356f93735ad86afbf821f166f7978ee830fae6c0538fc2",AVX-512,12,0.000353,3.72,1377,2011-10-19-Sample.E01
f0151680.mp3,"373e31dde8b23ba0596f8f2d4dca903fe65f637f71fc8752b7e8d8cc9870527f",AVX-512,12,0.000267,31.346,8776,2011-10-19-Sample.E01
f0151656.h,"51bcd99c3acb65091aeb26b472ff6d23736811a98119d758b96413d61db2a113",AVX-512,12,0.000332,1.936,673,2011-10-19-Sample.E01
f0151664.jpg,"fa3a8cd87420185d242ffbe6ae98fd257e02f14dba61a0a02a8881a3bb00f64d",AVX-512,12,0.000305,17.411,5570,2011-10-19-Sample.E01
f0151496.h,"593e6d26744c1802ff62f6adbf0cfff5d97e91cba841131f398ee8225bf3349b",AVX-512,12,0.001534,48.972,78798,2011-10-19-Sample.E01
f0151488.h,"8f1f89d8b575f074bcd26ea49115b04d8126098f7dff0a53e25aa313001d1824",AVX-512,12,0.000264,6.308,1743,2011-10-19-Sample.E01
f0151472.png,"cc837c734c95d7ef9741c7c1b0ff6ae07d47b7b57265b95148ffa6598726c94c",AVX-512,12,0.000874,1.564,1433,2011-10-19-Sample.E01
f0151480.h,"e6462151b5630ae1a77e8830c1d8378ee9e88d6ef2d2463388edfd2b733f39b7",AVX-512,12,0.000308,2.747,888,2011-10-19-Sample.E01
f0151456.jpg,"f38bbe31d19725939621d6aa809d4fa18ce31dea1111f1220e096feb5232722e",AVX-512,12,0.000228,7.405,1768,2011-10-19-Sample.E01
f0151464.jpg,"59718862410b2cfe559c67fc04283ee763f8eeb2a9f458a6ce4ec8b8ffafd2f8",AVX-512,12,0.000269,7.024,1979,2011-10-19-Sample.E01
f0151448.jpg,"4593841a706efc7fa5ee14d73d782431c21ca334022f464722df101592f2afaa",AVX-512,12,0.000304,5.298,1691,2011-10-19-Sample.E01
f0151392.jpg,"14d569155d318544235ee5810995bf5a29bc09395ebc52007c450ace631d151d",AVX-512,12,0.000369,73.69,28528,2011-10-19-Sample.E01
f0151344.jpg,"72b802e38c92b9115d81324e90119cb1de14d2c6e3b2e07d833f9306c3696d60",AVX-512,12,0.000274,80.589,23171,2011-10-19-Sample.E01
f0151296.jpg,"5b5918a3248fa45e0a8eecfee4da957f60c0766113d4a11065d92722ffd3c75a",AVX-512,12,0.000238,96.791,24145,2011-10-19-Sample.E01
f0151288.jpg,"e23393c50710247b1ea11763177b5a35397c10900631f8f6a5238e674948c61e",AVX-512,12,0.000261,6.15,1685,2011-10-19-Sample.E01
f0151280.gif,"885fc7223ca40b91960da53d10c1e11a14ca69276e255e5923b8da233e558dc0",AVX-512,12,0.000276,12.326,3562,2011-10-19-Sample.E01
f0151272.gif,"b7c189e5b4460fdb7a869315b1edb9d7c5d2a032bd4ee3a434f85fcb3618c9aa",AVX-512,12,0.000329,5.761,1985,2011-10-19-Sample.E01
f0151256.h,"f8a9d1023ef8d5745dec731412cd17baa8991687e38cea95601ed61b0f570de4",AVX-512,12,0.000388,18.781,7633,2011-10-19-Sample.E01
f0151192.png,"de73acf9b0051f044240a75edcd5eb6441379cfc8190c74c06daaa13b9f638ed",AVX-512,12,0.000242,116.622,29569,2011-10-19-Sample.E01
f0151176_GLOCK.html,"be251e044572f26f4dfbce0325f3272865212072d9207c9f939e5bd4513bf566",AVX-512,12,0.000255,30.357,8117,2011-10-19-Sample.E01
f0151160.gif,"681d6277fd7c7329b614a8ca52868fbc09fbef2d54b66c96206890200281aac7",AVX-512,12,0.000264,22.82,6310,2011-10-19-Sample.E01
f0151136.png,"ae751375596a6d0489d8f917d87c6288bb29e09173736e0c7f8a70b2c37c0995",AVX-512,12,0.000248,35.063,9107,2011-10-19-Sample.E01
f0151120.jpg,"4e63287f3ecc8acea59bfe01a497d900630959a32e7fab15c89944d4633619ca",AVX-512,12,0.000261,17.98,4915,2011-10-19-Sample.E01
f0151096.jpg,"e86e0e1e7125b96640818a7f55cf94b68e2dee7d47dbc7dbbd280e0c2d842ef3",AVX-512,12,0.000256,37.119,9968,2011-10-19-Sample.E01
f0151080.jpg,"df2a4d45a0ef6f526f6d54b5220f4fe34d2ad210bfddb084312466a81fbef385",AVX-512,12,0.000272,16.021,4561,2011-10-19-Sample.E01
f0151056.jpg,"b2661b9e4ea88177a04ae3ee5e1a60bea67111838b5a9bc224eb91f6a8601195",AVX-512,12,0.000235,42.881,10571,2011-10-19-Sample.E01
f0151032.jpg,"ba893b2b5539f9e644e1a7df8f443a8029c5e25a2f2d3aaaad78be6e86800256",AVX-512,12,0.000236,40.255,9966,2011-10-19-Sample.E01
f0151008.jpg,"b9333e50d0b2937b8edda77192c6c2c427314e36c38824620e18bdff9ea04ecb",AVX-512,12,0.000288,36.099,10913,2011-10-19-Sample.E01
f0150984.jpg,"4b82a885dd3fc67e7f8aa0c4506601a239198b670b5a314fc450718e4daf0aa6",AVX-512,12,0.000265,34.851,9695,2011-10-19-Sample.E01
f0150976.jpg,"1d46136fa613854716ddf3b7c73d578f3c861b65b7cfa1aacb0a643e6ad121af",AVX-512,12,0.000241,6.754,1706,2011-10-19-Sample.E01
f0150968.jpg,"0a5c86e8cb8fb0b50aa656b8a29a2ecbd48d0c4930dd03b220040f47eaef09d5",AVX-512,12,0.000251,6.416,1690,2011-10-19-Sample.E01
f0150816.gif,"a74b420c995458bb0cd279eefc82934d592190bb63013b7168eab3fbb12ae78e",AVX-512,12,0.000225,2.49,588,2011-10-19-Sample.E01
f0150792.h,"87fb7a99198e1bb83ce8b7de0751db2f3c1441a456e7642a3ecf7a3f06485d9e",AVX-512,12,0.000298,32.203,10066,2011-10-19-Sample.E01
f0150784.jpg,"59fc20769e4f05c71b0c3896eb048fb4b7172d82a041c0af8b1237099cd4f6e6",AVX-512,12,0.000217,8.627,1964,2011-10-19-Sample.E01
f0150776.jpg,"59fc20769e4f05c71b0c3896eb048fb4b7172d82a041c0af8b1237099cd4f6e6",AVX-512,12,0.000261,7.165,1964,2011-10-19-Sample.E01
f0150768.jpg,"7ad3509b231cbb84694f37101d3b4430c6ea4e5c90673af5f70e3a17a43e3576",AVX-512,12,0.000254,7.973,2126,2011-10-19-Sample.E01
f0150736.gif,"b0495e3e10f51fc3298561c05cae8365c0b501cd434db95a9c8aadfdae624d9d",AVX-512,12,0.000307,2.547,820,2011-10-19-Sample.E01
f0150744.txt,"d11d3195c867eedf0effc3fc79aae33063fb6456ffedc8a111dc759afff94498",AVX-512,12,0.000435,21.7,9905,2011-10-19-Sample.E01
f0150672.swc,"0979c3fccf6fe0913201edbfc8281494256199a18088537f2e23c31dc4311149",AVX-512,12,0.000715,43.682,32768,2011-10-19-Sample.E01
f0150648.jpg,"b93795d9d838d259e1bed682991fd3b128866feecca9de4e699a9cf903c7ccb5",AVX-512,12,0.000472,21.941,10857,2011-10-19-Sample.E01
f0150632.gif,"ed5d0cc6d48e27db55e9efdd5543039717cae912702d25077dab7deff0c47a25",AVX-512,12,0.000224,3.237,760,2011-10-19-Sample.E01
f0150640.gif,"35de915585b7878febd10ac52ab70c579b6125528e9227e31c25f6898277f4ab",AVX-512,12,0.000228,3.123,748,2011-10-19-Sample.E01
"f0150560_Istanbul_Map_Google_map_of_Istanbul_Turkey.html","1c225b1a2224c1223824deecf75a52924e4dc4bf88628f27991ab8cab81e1ed0",AVX-512,12,0.000924,36.371,35224,2011-10-19-Sample.E01
"f0150152_Istanbul_Province_Istanbul_Turkey_to_Hamburg_Germany_Google_Maps.html","f88c906a4fd981cb9adb4e2a19ff3d48d5e5f91c9cf2ae7e7e2de1f4b18f0e2a",AVX-512,12,0.000734,270.281,207966,2011-10-19-Sample.E01
f0150144.txt,"eb47073d3f72144e729f1057aa909f417d695291dbb9cf06296c08ea83e92d23",AVX-512,12,0.00056,3.12,1832,2011-10-19-Sample.E01
f0149504.txt,"09aef30bf6a1ae79e474445581c02ce66e75ee17ca6e5c6aa749409b36fe19b6",AVX-512,12,0.00219,141.174,324189,2011-10-19-Sample.E01
f0149464.txt,"75a1acfd7d738aed166f072ed25fc409371c5d18247672e20ae5d54be70d993e",AVX-512,12,0.000359,39.58,14887,2011-10-19-Sample.E01
f0149432.png,"9d12405413b9d812f408ca25cdaa310381c9d8566fb8e07437d300f972e09470",AVX-512,12,0.000414,20.29,8804,2011-10-19-Sample.E01
f0149424.txt,"876ca25138c41d7b7a125e7c2ff166f8a84d26ce0ff1abca0695a18d2fa50f7e",AVX-512,12,0.000302,4.001,1267,2011-10-19-Sample.E01
f0148800.jpg,"a0223f137c5ff3492efb4eef962376597642159adaef88d78296e066480fca61",AVX-512,12,0.000229,7.019,1687,2011-10-19-Sample.E01
f0148720.png,"5fffbe35e7792353af132a17144dc232c1ef75c8b406e1460a3630dc59591b06",AVX-512,12,0.000999,37.588,39390,2011-10-19-Sample.E01
f0148672.png,"c32f99bafe7813fbb08572c11fc527d4c1f6a251e4e4688b73193d222872ea83",AVX-512,12,0.000466,47.655,23301,2011-10-19-Sample.E01
f0148592.png,"aa962021c0e6408cc554e4f41609c6c03d26d8f2a322a9bbce2cfc366b1c0aab",AVX-512,12,0.001268,29.544,39278,2011-10-19-Sample.E01
f0148496.png,"7c62f5b6f949449d6c13518bb05d519846fbdc56b2b1428ab89fda57039d2bfd",AVX-512,12,0.000913,49.109,47030,2011-10-19-Sample.E01
f0148448.png,"40cd29a1a1ada69039d1f7a874509e1c52f202b2685c4bac5df74141d4417457",AVX-512,12,0.000502,45.833,24116,2011-10-19-Sample.E01
f0148408.png,"91e904868f07c427c186d5bfda0e690df700fb7c07883dbc20eab3fd56f7b892",AVX-512,12,0.000845,22.991,20366,2011-10-19-Sample.E01
f0148384.png,"c7b128998e194725037e9872176e04cc3af7517aab063c9b20ab5495f31f0044",AVX-512,12,0.000259,38.431,10433,2011-10-19-Sample.E01
f0148296.png,"373681f82e948f01fcdfc962ea02c46df875429baa91f645b138c1fc67fda69a",AVX-512,12,0.001005,40.382,42547,2011-10-19-Sample.E01
f0148280.png,"d2bcb641a97de02dc086514726ce405aa605a932efbfeff84d34b253e0f381e7",AVX-512,12,0.000493,5.051,2613,2011-10-19-Sample.E01
f0148288.png,"0d4078e3411c5cc55270fbfa8540c3f6017aca9da106fdfb43b2af27ebc87817",AVX-512,12,0.00056,2.631,1545,2011-10-19-Sample.E01
f0148232.png,"d585a964b077b4241b61e93c0ddff2e73f08427cc53e273db1712cfb324cf924",AVX-512,12,0.00027,70.839,20078,2011-10-19-Sample.E01
f0148272.png,"ac87549838446fc91248b1b6d62a96ef5b18e92abbf3b4b37dd4892177d24b3c",AVX-512,12,0.000664,2.016,1404,2011-10-19-Sample.E01
f0148152.png,"238e46f9f57f2b4cf78267ad482006c957da98e96d52d63d10f4878aa3856d78",AVX-512,12,0.000478,21.974,11007,2011-10-19-Sample.E01
f0148176.png,"85330f9a42fa14575ec1d12a8f682bdad5d2cd1bce72c4e7fe5be7169b23c198",AVX-512,12,0.000658,39.882,27521,2011-10-19-Sample.E01
f0148072.png,"ba90132c20bf03dbcdda93bf8df6092fa64a9c4e2438bb7826c25d348196d662",AVX-512,12,0.000408,46.935,20055,2011-10-19-Sample.E01
f0148112.png,"3fc7a13629b35a1abd80b662502da02457af3eb99e5fc17d8e05b5ac702657bf",AVX-512,12,0.000262,69.141,18995,2011-10-19-Sample.E01
f0148016.png,"890e6adddd8307ad7c6e754474b776faa701e573635e51529b7e8d7101f9bf0a",AVX-512,12,0.000264,89.454,24735,2011-10-19-Sample.E01
f0147984.png,"d95b5a86b4ecb9c0d3471eb51b836f7510667fa75c1bdd474579a0872b7f980f",AVX-512,12,0.000277,55.722,16179,2011-10-19-Sample.E01
f0147928.png,"e6b18910a6b92d821a2a7a26ee480f9bf9f00e852c9799499191477d3043c890",AVX-512,12,0.000479,51.764,26005,2011-10-19-Sample.E01
f0147880.png,"4d8bb2df56ea820e2c91989350216425b69c9cdbfb1881a6843c6887d9cfce3a",AVX-512,12,0.000439,51.328,23606,2011-10-19-Sample.E01
f0147856.png,"1bc00efc5c623440b9de7880871ac7b9bc874028f8e4c381f2cb6094a370c476",AVX-512,12,0.00069,11.801,8537,2011-10-19-Sample.E01
f0147784.png,"5b51312e061ae3932f23cbc05631306e4258a2dea22ade195607863761efb179",AVX-512,12,0.00089,39.283,36664,2011-10-19-Sample.E01
f0147648.png,"c85927ce58906bcefe6fdc4440a6c5844e2b994bca8270d185700f540976d655",AVX-512,12,0.000257,4.212,1135,2011-10-19-Sample.E01
f0147640.png,"5cdd96de5408586ca37b07c5234b4c17b725052b909dbc70edf2501accd4f35d",AVX-512,12,0.000258,2.679,726,2011-10-19-Sample.E01
f0147632.png,"a63999b32b58b5b733aa38a6c9d832654adf9b30ce8a4be7c9a85aae10020180",AVX-512,12,0.000392,4.597,1890,2011-10-19-Sample.E01
f0147544.png,"a531f97895a9e70e3e864c07bfc70bfea9203deb6da1306122dca8fff3f10071",AVX-512,12,0.001024,40.221,43187,2011-10-19-Sample.E01
f0147464.png,"b78b464f2569b5417422e9663ee8253305a84fc2ae02ab82bfd0ad6147c0a3b3",AVX-512,12,0.000993,36.711,38213,2011-10-19-Sample.E01
f0147416.png,"0daf2c57d6c115c2ca89c07ac8f5bdb8fe8fb9619f0a2cbfa25c0643f7d64448",AVX-512,12,0.00021,98.467,21631,2011-10-19-Sample.E01
f0147368.png,"22d0b1164bf5eb0d9ed625994b4cc1f0e4cf0deb04bd174fa6faeb0776261c07",AVX-512,12,0.000478,46.909,23507,2011-10-19-Sample.E01
f0147360.png,"622baad52e96c66408ed70e38da553525563f71cdee07294352fe7311cdb52d5",AVX-512,12,0.000265,12.344,3425,2011-10-19-Sample.E01
f0147312.png,"915dd4e731f346e88066847a833fe499e2bcef6483a02a09e138338b95c93e62",AVX-512,12,0.000532,43.029,23990,2011-10-19-Sample.E01
f0147264.png,"e0a4bf40b1a13ee9e44a1c38fd38f9516eec5fd1f67b533a9d7cc8c0f2fdce25",AVX-512,12,0.000274,75.206,21639,2011-10-19-Sample.E01
f0147216.png,"7894ed94c4c71c72176df2cbc8137df8abe16d99e6c43a898e4644390bcb19d8",AVX-512,12,0.000249,86.893,22651,2011-10-19-Sample.E01
f0147208.png,"34dee541768f2f11b6e1fda46a6d2632d751e292a24e77a92682afbd67c0d5cf",AVX-512,12,0.000264,2.483,688,2011-10-19-Sample.E01
f0147176.png,"8be02a36cc0181873e1b9c59350f7f691258627712ec6a7ac210b6d6e8e5176b",AVX-512,12,0.000232,64.568,15721,2011-10-19-Sample.E01
f0147096.png,"2b986ab58ff7df30a38a89ea83cde5472c99103623259728ec60408e5a693269",AVX-512,12,0.000766,50.258,40357,2011-10-19-Sample.E01
f0147024.png,"adb9603418502c53a75f594995ae761b7b9e596901eef75a6a7909957aab6d3b",AVX-512,12,0.001045,33.193,36386,2011-10-19-Sample.E01
f0146992.png,"7bf7354adc65734e13bb63e9d78e3d343fab27708a556bb35766822d4a78cf41",AVX-512,12,0.000349,38.333,14040,2011-10-19-Sample.E01
f0146920.png,"99b86bf41732fb30a07355f79a83ddef7c2d867ffa67b52793109583c32203c9",AVX-512,12,0.001205,26.377,33317,2011-10-19-Sample.E01
f0146880.png,"1ed608c860ca2382fd604c1abacef8fceab0cd5649704a12fe6e6d50fdcecbc5",AVX-512,12,0.000299,53.541,16764,2011-10-19-Sample.E01
f0146864.png,"2adb98287a8b46da4e7dbee4b4bf5fb5afa87d60f378dc25f8cdbd8e1c62e84f",AVX-512,12,0.000267,28.232,7913,2011-10-19-Sample.E01
f0146800.png,"71f0b8d4a87cf3a759f84427bd4e4701cd008e8b3cf666a9bf74bc1bc9cb17e7",AVX-512,12,0.000296,96.64,29995,2011-10-19-Sample.E01
f0146728.png,"31d6cb2356572e46cf06736ad327c77118e2388d92632724ccbed83bd4bb02ab",AVX-512,12,0.000953,35.018,34990,2011-10-19-Sample.E01
f0146696.png,"52f7d5871845a2227ad9d565798d9c7dbfdc6615df7dc217d7a16d3992d9429f",AVX-512,12,0.000251,49.686,13077,2011-10-19-Sample.E01
f0146632.png,"24095551c06858ee19b5c30061d3cafa462eed43f3c1baad30c9d88dc79c8f10",AVX-512,12,0.000345,80.022,28974,2011-10-19-Sample.E01
f0146600.png,"0e12bcb92f6bd1ff059e396e3391e640c2669dc89f053b3ffaaf1913d987e36f",AVX-512,12,0.000227,68.649,16333,2011-10-19-Sample.E01
f0146536.png,"a605fc422b6def9c858f1203df729c0c6a8caa3219ecb8deac64db1342eccf7e",AVX-512,12,0.000362,75.528,28701,2011-10-19-Sample.E01
f0146472.png,"51cf7926af543b480fbaf7301daec13ee81b80c9bd81082952466e008fb2ec32",AVX-512,12,0.00043,67.813,30562,2011-10-19-Sample.E01
f0146432.png,"b30345f63ee52301ffa50166dde0f405a495bb9e806206590434fd23a862cdb1",AVX-512,12,0.000647,28.422,19294,2011-10-19-Sample.E01
f0146408.png,"5f2aaebdb8267d5b7d58fbb9af0a4a86361852be75c68261c5e3fd2d7085a3ac",AVX-512,12,0.000223,49.339,11532,2011-10-19-Sample.E01
f0146352.png,"cd04ccfb8aae2c16a4767fe9503c0d6ca714248fcc73316885dea69c283ed472",AVX-512,12,0.000246,110.949,28631,2011-10-19-Sample.E01
f0146320.png,"833cc4eac7c566cbda007cd4fec49f6e90b71eda332017a18cecfca19d97bced",AVX-512,12,0.000358,36.395,13651,2011-10-19-Sample.E01
f0146296.png,"1b1171793afc98277df62bffce83066b6cf4850415e2bdf2787a51622c35a8bd",AVX-512,12,0.000418,24.133,10575,2011-10-19-Sample.E01
f0146232.png,"3b78e427bab01601e36c70fb63dbbe0051805c2644b57769582bf64a9ccff9a2",AVX-512,12,0.000274,103.405,29720,2011-10-19-Sample.E01
f0146168.png,"ad3aca955fdbfb3a2d42e824d79703e822c06843396a90b0f1f87dd693bd45bb",AVX-512,12,0.000292,99.974,30600,2011-10-19-Sample.E01
f0146136.png,"f960612d74af2b2d50d530c1434ae2c7b37cc87c29d092cbca9791aa2955045f",AVX-512,12,0.0005,24.962,13077,2011-10-19-Sample.E01
f0146088.png,"2bbb4efb631f61da8f1d58b027bd9c99e5bce1b17cbcd245bee9522e89942434",AVX-512,12,0.000736,28.424,21933,2011-10-19-Sample.E01
f0146040.png,"3f5b3b4d9d9ea3f32e6644abc928ceecfd7baea05b4b8d8c5f6c50c38a3e07b5",AVX-512,12,0.000267,82.617,23113,2011-10-19-Sample.E01
f0145992.png,"1caddcfb4f843274bbdf7af1c76caa2dedff607ab67ff9824718b630d4f4db3a",AVX-512,12,0.000687,33.081,23817,2011-10-19-Sample.E01
f0145976.png,"f89e251b607281ec655560f4b6f0d656ab2d08bdd460062d3c9796a40337b763",AVX-512,12,0.000256,29.206,7846,2011-10-19-Sample.E01
f0145944.png,"b635f2d5ce7f00109c72ab5d86b817c911e5c0dc7f93bdb16c9ee2bfc8df38cd",AVX-512,12,0.000226,59.638,14158,2011-10-19-Sample.E01
f0145936.png,"ebf280b180663b652e2f59c2fb3084daf7b1703db6d2631fc4c564c10c0cd605",AVX-512,12,0.000332,8.89,3094,2011-10-19-Sample.E01
f0145872.png,"8a1cd177d850cbffe2a0e2f1fd8469e642b6a4e24967ffdfb8d40618636c1f35",AVX-512,12,0.000238,120.193,29945,2011-10-19-Sample.E01
f0145864.png,"9757af476f5275d7a697916448658fab14f0866fbb77d57ab11382c4553bd8df",AVX-512,12,0.000353,8.839,3270,2011-10-19-Sample.E01
f0145824.png,"81a1dd389a47eaf086f2576c9af70c1385bf71fef18d2cf9bff2fefafa4e11fc",AVX-512,12,0.000448,35.73,16792,2011-10-19-Sample.E01
f0145816.png,"b08a642ce71eb307eb92ca10c14f562d14dc4ea5cfe216d82dbdecd5d01356c6",AVX-512,12,0.000205,16.006,3444,2011-10-19-Sample.E01
f0145808.png,"532110278fafa50bf8b6f7969003509dbf5c5d1cee3480145f3912a114322b56",AVX-512,12,0.000213,4.907,1097,2011-10-19-Sample.E01
f0145800.png,"64ac5417c677fc45dc19b3b5922371594681b57be34fc0aa80b5aa923e5c1eb9",AVX-512,12,0.000356,2.933,1096,2011-10-19-Sample.E01
f0145792.png,"1a8dc4478001098af4037c3da035b0a7d1f25b1225f1ebeced7b53acbe991182",AVX-512,12,0.000379,3.166,1259,2011-10-19-Sample.E01
f0145784.png,"03187f8b863a0439d251519a153e1666c39a6e0fbada9c6db796d3a4cce14fc6",AVX-512,12,0.000479,4.219,2120,2011-10-19-Sample.E01
f0145776.png,"02e9d71b4cdc3fb315f1e2baafc24d7706547442b7a0ca8c6a75fc31e2044b75",AVX-512,12,0.000639,1.387,929,2011-10-19-Sample.E01
f0145768.png,"af2c514f578f9d5e5418bfe8f69384b74e4fbc2563e8d51795a1d7b032dd31ca",AVX-512,12,0.000396,2.724,1130,2011-10-19-Sample.E01
f0145760.png,"0c40a077497c2dc9a9b465a209dc87abf1033c5d3ccdd6c9c944f5ca38748403",AVX-512,12,0.000254,9.825,2621,2011-10-19-Sample.E01
f0145752.png,"6351e5baa0ef7b50599a3831a716dda65138125a0ce5c713cb93c42cbec921f0",AVX-512,12,0.000228,7.068,1692,2011-10-19-Sample.E01
f0145736.png,"913cd83c305fa5d3aeab8ee8e51615e3a6435f251d9db47338460c37fe31874a",AVX-512,12,0.000395,14.019,5808,2011-10-19-Sample.E01
f0145728.png,"9f90c6b0b45d3070009e1915f462608d8ca3c626821c65537323b8f1a916e923",AVX-512,12,0.000323,10.419,3531,2011-10-19-Sample.E01
f0145720.png,"dcb45e000f9b74c5bf815159182a4ccabceef48dc5ff87121a65ff0090e2fe4a",AVX-512,12,0.000289,12.074,3659,2011-10-19-Sample.E01
f0145712.png,"17374cdeaac782dca39ec353efb950fc9d11d284bc54e9396c7d8ed14a3f2fb9",AVX-512,12,0.000223,7.645,1790,2011-10-19-Sample.E01
f0145704.png,"f243ff84259572fffd7774f6ab6efb19de106f6c4b79781470b060063aa4cb96",AVX-512,12,0.000233,7.884,1927,2011-10-19-Sample.E01
f0145696.png,"1fb1969fe0054b218564efff225c75afee1e860a5522cf29be4034c1aa869274",AVX-512,12,0.000212,7.612,1693,2011-10-19-Sample.E01
f0145688.png,"0b2ee9a17997d23789338b10c39281916fa33ac7343e369aba9f60dc0c4d3f0d",AVX-512,12,0.000229,4.131,991,2011-10-19-Sample.E01
f0145680.png,"9225f0cc2bc2c5c6b0356c3022f8547e20dc646c5834ca73c4aa0f98aa61069b",AVX-512,12,0.000241,4.972,1255,2011-10-19-Sample.E01
f0145672.png,"bd823d5b6ed6fc05f7fd777f9da6db281e43ef628339aa1927172ecf66d2b5d7",AVX-512,12,0.000369,1.53,592,2011-10-19-Sample.E01
f0145664.png,"234d6de3f1000c9c768140fe721bfec73b4ff087174074dbd4250a775fce611d",AVX-512,12,0.000257,13.738,3708,2011-10-19-Sample.E01
f0145656.png,"44baf3e1f5d089e21b5f3b5cbcaa9c92d1840b3b26668936d14d2dd02685c1e3",AVX-512,12,0.000239,4.062,1018,2011-10-19-Sample.E01
f0145640.png,"9e4081983afd893bd303ad6d179f6ba75443e3eab25d245d85301421f71d408c",AVX-512,12,0.000219,24.515,5627,2011-10-19-Sample.E01
f0145472.png,"fbea9449a45aab78ff0b7184ad332328960d77cf16e2a3a90353fc08c8482337",AVX-512,12,0.000251,70.022,18444,2011-10-19-Sample.E01
f0145424.png,"91115802b78c33824988681942ef8180f673eb40df332a4d570997cced0a95e1",AVX-512,12,0.000286,69.789,20944,2011-10-19-Sample.E01
f0145392.png,"dce18a4dbf12c026bcb02b5dfad3ca9ca9c9cbffee86275259dc749b1ae9db29",AVX-512,12,0.000251,57.863,15229,2011-10-19-Sample.E01
f0145376.png,"a62dfc1e488cf757d984894c7c297784905d0bde4369e686887cdcbaa3f45bc5",AVX-512,12,0.000251,21.561,5677,2011-10-19-Sample.E01
f0145360.png,"03b07a0f36295a930251489fd2a4ed7ba186521d1b6e405a8dc9b45ee2f65c2e",AVX-512,12,0.000231,26.406,6396,2011-10-19-Sample.E01
f0145336.png,"faa59d67d29cdfe4e42bfaa6e8200b8641788652e70361b6725a0571c2479379",AVX-512,12,0.000284,33.068,9858,2011-10-19-Sample.E01
f0145328.png,"765c502f1580980b8ecbb82c51fd635b9133c5addeaf2cd09a3d6a611e6a60f7",AVX-512,12,0.000279,2.134,625,2011-10-19-Sample.E01
f0145320.png,"96fbb3740ccd669cc4d7321bbe594175d07a2805219dbe9cee156fd40279dce9",AVX-512,12,0.000231,10.384,2512,2011-10-19-Sample.E01
f0145312.png,"33168e4dfca9e113a09551b22b2f5fb23a0194ce116a619559a1be8b0f4ae1c4",AVX-512,12,0.000236,16.498,4081,2011-10-19-Sample.E01
f0145304.png,"8f34a6c91d0305966d9dce5390ac9bfc68b459985f31d99363175cc1161b0f7f",AVX-512,12,0.000234,9.104,2232,2011-10-19-Sample.E01
f0145272.png,"bca360a8659b9f0080602b3da2cbf165b1a25e21741a4183645d96cc3c7cc8ab",AVX-512,12,0.000217,30.377,6912,2011-10-19-Sample.E01
f0145288.png,"c739b5e6c81b37e1cb1023c41c1898d15ea9579e62a6be5e90018354a649a927",AVX-512,12,0.000299,13.754,4308,2011-10-19-Sample.E01
f0145256.png,"032c89e8edb6318d1406650ab7415609166c10cc1279eb72057e5086968c94fe",AVX-512,12,0.000292,20.14,6175,2011-10-19-Sample.E01
f0145240.png,"f3b653ff2d9b8e00488cac3d008c6623a33629b96efa6020ecf1a5b9a9f6e408",AVX-512,12,0.00025,21.974,5765,2011-10-19-Sample.E01
f0145232.png,"c04871ff4e0d84260e93deb4656dfc6dc354b224584cb50d758a34772b4594ed",AVX-512,12,0.000294,6.261,1932,2011-10-19-Sample.E01
f0145216.png,"26679b81d08613baf1ff53a5ad8bbf96880017d6cd21ff3a39ecd81757a6d703",AVX-512,12,0.000266,23.756,6626,2011-10-19-Sample.E01
f0145200.png,"67f5d6bb6d216c98d204a00a31ed8f207b49ea7c30c67f607bbd6ca7fd59c0c6",AVX-512,12,0.000308,15.293,4947,2011-10-19-Sample.E01
f0145192.png,"7f375beef223945c97022ab9fd27c4c64c8b3948822f2c17c521ae012e08041a",AVX-512,12,0.000287,3.351,1008,2011-10-19-Sample.E01
f0145184.png,"f77cab312e8f449559db68b7c9d68f6ab9fba912dcb755441df43366ac4928d8",AVX-512,12,0.000223,4.332,1012,2011-10-19-Sample.E01
f0145176.png,"2861b2a7757e810ca123e3bf3ff3ec2cb6a3e20c1cee8b90142a787b8119ade1",AVX-512,12,0.000226,6.528,1545,2011-10-19-Sample.E01
f0145168.png,"f9a9f32504f80f991e5ecf0c3da19877bcd2f916b86eac3b35ec530cde54ddf4",AVX-512,12,0.00028,5.191,1524,2011-10-19-Sample.E01
f0145160.png,"82634c1f283120d1612a486c70cc5d8b8cffb5ab50ef27aa8a906c21839d7f67",AVX-512,12,0.000239,7.823,1959,2011-10-19-Sample.E01
f0145152.png,"e6dd22d87fd83dd3d3ccfae1707296471ca51876c3a4a87bfa4b23392c27045a",AVX-512,12,0.000223,5.055,1181,2011-10-19-Sample.E01
f0145144.png,"a5d27e4fa47053d98f68c19f5c174b5b1046ef5d84e47e67fe639bb9c334f332",AVX-512,12,0.00024,7.199,1811,2011-10-19-Sample.E01
f0145136.png,"c95170ca428108ca2c3e2a421ac8d44f2a7c30bc5f2efc827d026693370b1604",AVX-512,12,0.000231,5.337,1290,2011-10-19-Sample.E01
f0145128.png,"9dc76e863c18ee34392656c4b8653c36e42d9977c838eee67dd22f5eb7d965c2",AVX-512,12,0.000218,3.89,890,2011-10-19-Sample.E01
f0145056.png,"d38f21dcbe2a74cd465b1ae2d7ba51c18d91cda371127a677f986d760ac03216",AVX-512,12,0.000701,44.578,32772,2011-10-19-Sample.E01
f0145048.png,"42b776146581a0eda20981c77da5548b34423424a0bed0717f9429acb34333f7",AVX-512,12,0.000234,11.786,2887,2011-10-19-Sample.E01
f0145040.png,"d024c88950b64b663d8009d133469b24f6b285df66618adbfbf32d8573a58fc9",AVX-512,12,0.00021,3.132,691,2011-10-19-Sample.E01
f0145032.png,"63f1e779905fab2334e7e7ba2a7d3379c6f488b9731a2695b51db9dbee6a85b7",AVX-512,12,0.00022,4.458,1027,2011-10-19-Sample.E01
f0145024.png,"d7eab09414c6744375fd65d2fee80db624579f2aa6883a9694d2c66f40e277df",AVX-512,12,0.000245,4.516,1161,2011-10-19-Sample.E01
f0145016.png,"adb70328160ac676c334f600becb5dd4aa4c3e5c71f0ef91cb6c0590e19b5ecf",AVX-512,12,0.000208,5.019,1093,2011-10-19-Sample.E01
f0144976.png,"8c63adca800c94b586a1e171071454521fe99ad50cee2d5f35c995e171fb5f40",AVX-512,12,0.000397,43.667,18164,2011-10-19-Sample.E01
f0144968.png,"2bedf2dce44d2d26eda79af881d19e30306acd3647dfd53cf319159dda950419",AVX-512,12,0.000225,6.975,1642,2011-10-19-Sample.E01
f0144960.png,"630a2d2e11391bbd2ebf228623f4c371e507360b1efcef67ff68de3e9e3794ea",AVX-512,12,0.000229,3.956,949,2011-10-19-Sample.E01
f0144952.png,"ed49b3c8a19bf4c08b0470e81222d92391d228b0754f40b0a85c91c82c878c9d",AVX-512,12,0.000205,6.944,1492,2011-10-19-Sample.E01
f0144944.png,"871ae83b9acdad65c2be7ea7ec63e14abd88808aa7f7c42b1208289bbc88d694",AVX-512,12,0.000223,4.384,1027,2011-10-19-Sample.E01
f0144936.png,"ad1bc81dfe0a9435303ffcee579d371332fe6bdae516a4bf36d074e76601959a",AVX-512,12,0.000238,2.936,732,2011-10-19-Sample.E01
f0144928.png,"a0c7cf179c71e080ace93c4092d0901ee80ab4598e252097e2911a7f01a08aba",AVX-512,12,0.000229,5.663,1361,2011-10-19-Sample.E01
f0144920.png,"8b8fe08818b041b018a6ccdf81cf101829952a1ace492b52c6473236ac285cf7",AVX-512,12,0.000225,3.124,736,2011-10-19-Sample.E01
f0144912.png,"3cf2e7b37726b021a342d00eeca4d60f7344fdba0a93b4c75fe5dd596ed7392a",AVX-512,12,0.000299,4.481,1405,2011-10-19-Sample.E01
f0144904.png,"968c425567122ae93933f4944324a5693f8621c42e2345a80f2c7ce3339f6f29",AVX-512,12,0.000246,7.285,1877,2011-10-19-Sample.E01
f0144896.png,"64b216fee92c61d1da86f350b4bf47bbf0a9282349389ef191348ee8443a4767",AVX-512,12,0.000261,7.83,2142,2011-10-19-Sample.E01
f0144888.png,"c9c978a55808736aca155ba63565d60c8ec5fd4f9a4b3b8c0bca8c7e0e35dd73",AVX-512,12,0.000223,2.757,644,2011-10-19-Sample.E01
f0144880.png,"a3e0073ed075fff4021636c610cf6142461e06b658e61cc9490e65d09650e469",AVX-512,12,0.000224,6.381,1498,2011-10-19-Sample.E01
f0144872.png,"8d0d284dcd44e50a5c7770596fe01d068fcb3e4095298ebab7f9b9acb507e173",AVX-512,12,0.000212,6.862,1524,2011-10-19-Sample.E01
f0144864.png,"af785727239a92dcb1190d11d6859ba8d5e24ebf88ddfc23b5062a3f44454932",AVX-512,12,0.000239,6.171,1549,2011-10-19-Sample.E01
f0144856.png,"4cb36203c1e795bf999e8ddd765509d7ba3f178faf5a31edf3fc179560c1bdf7",AVX-512,12,0.000207,5.713,1237,2011-10-19-Sample.E01
f0144848.png,"2016c06af709e0ae5f7fc02a5f19ac4f90995c8f198be5551a9868377ac410c1",AVX-512,12,0.000232,5.066,1235,2011-10-19-Sample.E01
f0144840.png,"af7bd59006d1b03c94504df15ac27de5f1aede077b33d6af50c874c1c683d50d",AVX-512,12,0.000241,9.386,2371,2011-10-19-Sample.E01
f0144832.png,"3651238fdc30f91f271755ce23d52cac360aabaded7617c881468781426a7f28",AVX-512,12,0.000299,7.17,2245,2011-10-19-Sample.E01
f0144816.png,"86a4d47a7b5d73c6491fbb0d633ec4d149709bf234edf56e93f61fdef11242c1",AVX-512,12,0.000286,14.434,4327,2011-10-19-Sample.E01
f0144808.png,"a1f0969d63b171705931a3e6b4deeb6a3d7c1620fec27500d32687879e2220f8",AVX-512,12,0.000242,9.94,2517,2011-10-19-Sample.E01
f0144800.png,"f9530c7fd01f2e198a75ac4564123ef2a49856b061f15da70fcd85549faac45e",AVX-512,12,0.000273,2.244,643,2011-10-19-Sample.E01
f0144664.png,"763f530e289dae350f19731cba7c1dd0223e4d1f3146cabdb1a4fd1ab2aa4dbf",AVX-512,12,0.00027,3.463,980,2011-10-19-Sample.E01
f0144656.png,"1d6d7f7c4cf81b6c6aea5bd8e2fcba15e5aa25ecd574a1f75a022a38820a3791",AVX-512,12,0.000228,7.149,1707,2011-10-19-Sample.E01
f0144648.png,"4f53970d0db88273fa02fed5600cc9f37a83b35fa769c37a502d48574a1424c5",AVX-512,12,0.000234,6.148,1506,2011-10-19-Sample.E01
f0144640.png,"beac842d68263e0f3d90e2491c5eedf31d6ae2460e3dbc51f9f16b1ecdb46077",AVX-512,12,0.000208,2.868,625,2011-10-19-Sample.E01
f0144632.png,"a329ba03700dd6fd281fab5de406bc196dee67f446caa6e7e1d20490f577b4eb",AVX-512,12,0.000286,2.22,665,2011-10-19-Sample.E01
f0144624.png,"2e635db96d27933988ea8a284072eae505645cbca0810a5ff3e857b28a6bf0c8",AVX-512,12,0.00023,4.648,1120,2011-10-19-Sample.E01
f0144616.png,"d65648c26ea315a56d2e29a4cf42ad4118dc22c99a0c2ac1e7c392f00b286ca1",AVX-512,12,0.00022,3.519,813,2011-10-19-Sample.E01
f0144608.png,"a652820e9145c4594cba7f9453ac8ee1f09b6084b5cfc1c0801d104890032c54",AVX-512,12,0.000231,2.575,623,2011-10-19-Sample.E01
f0144600.png,"b091633a5b4a40584def23d889842915468c7b6cf6aaa11f235b336c8ef021b8",AVX-512,12,0.000233,3.052,744,2011-10-19-Sample.E01
f0144592.png,"d0d6b0bc3a9e7b01f06fc9b749be0463c5e3f9e7c27dba2679e37bbaad7190b2",AVX-512,12,0.000227,5.438,1295,2011-10-19-Sample.E01
f0144584.png,"8f7e8067160bf599c989a6de7d581d8160104cbaaf9d6701020dbc1ecc142398",AVX-512,12,0.000218,2.727,623,2011-10-19-Sample.E01
f0144576.png,"50a99c7413e9039e5f45fa465c24497dc0c0a81b2457b2995d9586b6117093af",AVX-512,12,0.000262,2.796,769,2011-10-19-Sample.E01
f0144568.png,"92d1566c095cd9f417dcd24a1a5fac9f3b2485f6e19c4da37134d418e891a1b1",AVX-512,12,0.000227,2.708,646,2011-10-19-Sample.E01
f0144560.png,"d90703597fd50c994b66b880413b737dc8fa87f049af791f895002e9f8219661",AVX-512,12,0.000234,16.253,3993,2011-10-19-Sample.E01
f0144552.png,"e197e08c8852d153c020d63c97daaeb2260662c7d5bbd63c1359740b28bf1111",AVX-512,12,0.00024,8.85,2231,2011-10-19-Sample.E01
f0144544.png,"d11a324fb3c2c8d71343f19434745089b0410c43240642181977694dd9bb1e4d",AVX-512,12,0.000226,2.141,508,2011-10-19-Sample.E01
f0144536.png,"15b6b699db74588918d5ab2f600ca215cb743f9674c4dada942c0ede9710743b",AVX-512,12,0.000211,4.847,1074,2011-10-19-Sample.E01
f0144464.png,"2a0ba92f68d46888311b54bc4367a7d7dbf823c4cd2e578eb53297089b0dd54e",AVX-512,12,0.00024,5.628,1418,2011-10-19-Sample.E01
f0144456.png,"552532e792f6398ca12e73b0cadd4af2e8e5fe84ca95012ca3222877b2933d07",AVX-512,12,0.00024,13.43,3384,2011-10-19-Sample.E01
f0144448.png,"92ac14f1792fc70f74f583979d9702c819e33b690c44684ba1e543495dab6638",AVX-512,12,0.0002,3.146,661,2011-10-19-Sample.E01
f0144440.png,"e848a2846dc9bf114d098ac1625a19fc322c7b6dab5ed1398a52fdcf66a52f3b",AVX-512,12,0.000239,3.018,755,2011-10-19-Sample.E01
f0144432.png,"a7ba87c60da3682c1cd05399b8d5f3effbab0ec6bdbda62d696761cf39dcf487",AVX-512,12,0.000216,3.8,859,2011-10-19-Sample.E01
f0144424.png,"734ba9cf95052ba0176acae7abc489a41d99ca144f1038e64cf401c9fd352c7c",AVX-512,12,0.000228,2.241,535,2011-10-19-Sample.E01
f0144416.png,"62a8a70a73c24f48bc402614d001beb1f21165da00b1ad54f6b018c27da6aa86",AVX-512,12,0.000236,7.174,1773,2011-10-19-Sample.E01
f0144408.png,"c571b762a3e4b5dcf056c0acc89dbfc005ed04b12f6abbc5eb9a65cc03bc9bd9",AVX-512,12,0.000251,5.836,1536,2011-10-19-Sample.E01
f0144400.png,"7ada01bf592e02aa8244b69126fdfb68f78f954cac75aac527cb784995373f10",AVX-512,12,0.000239,5.908,1480,2011-10-19-Sample.E01
f0144384.png,"8134b9ff15f607313205b531533c8fb4dfdead70482c2cf02920a8f48cae4c1c",AVX-512,12,0.000255,8.591,2299,2011-10-19-Sample.E01
f0144392.png,"9e51ec461113ccd58ba5c8fea21c1cd8c119b1ff8a155092ba6136fd5996de25",AVX-512,12,0.00025,11.285,2963,2011-10-19-Sample.E01
f0144376.png,"94ea6b2ce7e3bb3eb3f9947146a830b72493e61972890334e9b5c70638fef533",AVX-512,12,0.000234,3.047,747,2011-10-19-Sample.E01
f0144368.png,"a572f2d42d8fc04f12aee0c2b33daeef7d3117edc01a2438d8b48c86c0534150",AVX-512,12,0.000245,8.843,2269,2011-10-19-Sample.E01
f0144360.png,"2c6ec6897440bc03451df54e29f33de71d6ea1c4312c1cff83347eb05a72197a",AVX-512,12,0.000278,2.32,676,2011-10-19-Sample.E01
f0144352.png,"a11bfa9890711f485b3b7f0a8bdee934a78c24e28e9e9570927d14547118e7fc",AVX-512,12,0.000201,3.741,787,2011-10-19-Sample.E01
f0144336.png,"0a6d9d88a7309edd4c5bad106dc752d477aa8f98b5d8937f0f3770c60b1af252",AVX-512,12,0.000263,3.532,974,2011-10-19-Sample.E01
f0144344.png,"44500e0514777f8fcc49fe2b6957a4fdcae19af26a2779a86c88a67645465640",AVX-512,12,0.000283,4.762,1415,2011-10-19-Sample.E01
f0144320.png,"f9fd5ed2f2ffb211f0010a34ec4d3da6dddb4f72c0659f3d9b62acc60579bd41",AVX-512,12,0.00024,11.671,2937,2011-10-19-Sample.E01
f0144328.png,"ee5fadcada02beeec1627f765c6024b35d4dcf2fa4b2a57701c76e22f9ef551d",AVX-512,12,0.000214,3.131,704,2011-10-19-Sample.E01
f0144304.png,"bca5b38f2ef2c5e757565bf52c9b3375eb85625b98d4c978ae51978fddaa4acd",AVX-512,12,0.000232,3.488,847,2011-10-19-Sample.E01
f0144312.png,"42e981908ad0a31ba6445104434e295faa8e3d2e945fe36fb2b9c5f712d776f8",AVX-512,12,0.000218,6.349,1450,2011-10-19-Sample.E01
f0144224.png,"cd60d64a0a807edb1720415785723e16ed80dbd093dca0a7604de475064673c5",AVX-512,12,0.000262,1.92,527,2011-10-19-Sample.E01
f0144232.png,"64a75d2b6c22a4ef4b585b3ee3eff2507811d89b7cedae7be6ad5a9bd001a0f9",AVX-512,12,0.000301,3.921,1236,2011-10-19-Sample.E01
f0144216.png,"dcc41455ad292517e8ad1d61b9e79d310d459ae4a162f4bf76d8be25e01bbef8",AVX-512,12,0.000304,6.268,2000,2011-10-19-Sample.E01
f0144208.png,"d5bb05fe92a80198277574beb63fdc3f8684fa67c6a5b24d7b178fc6deffc9d1",AVX-512,12,0.000263,6.78,1869,2011-10-19-Sample.E01
f0144200.png,"b560fdfe91e41cb080a84ea4081158df1bf775604c1c284889a84005f1a601b6",AVX-512,12,0.000232,10.528,2559,2011-10-19-Sample.E01
f0144192.png,"6fe0495724eb4b8d19b9322ea762e3945ed3dbb1ebedb40958e9086f1e20f5e9",AVX-512,12,0.00024,10.201,2566,2011-10-19-Sample.E01
f0144184.png,"4552e0a3a28f6d53b3965b7290144d4428911e8511ba53b1c56960aa4a19a2ba",AVX-512,12,0.000235,2.438,600,2011-10-19-Sample.E01
f0144176.png,"af53545e7676cea1f30ae749634ee325a1d5a022276aec4345c91dea4c185a76",AVX-512,12,0.000234,4.518,1111,2011-10-19-Sample.E01
f0144168.png,"58fc8f4b47281a71384e13fa9f7bc947b9611f84f72ab2da1bef1f353ea32e0e",AVX-512,12,0.000225,2.231,526,2011-10-19-Sample.E01
f0144160.png,"6d235b08d324d515a2aa54f80e6b73b8ff94929878e8734bf0362a3f01236450",AVX-512,12,0.000215,4.919,1110,2011-10-19-Sample.E01
f0144152.png,"52e29e0dd7f3b7c10d5bcbafecb765715f8bd55ef82a741ff3cf432cb77a104f",AVX-512,12,0.000248,6.829,1773,2011-10-19-Sample.E01
f0144144.png,"a7fb41e56f4c0254efe77362633a2487f295872015e9a8e1aa246bc3e4ba9ae7",AVX-512,12,0.00027,1.967,557,2011-10-19-Sample.E01
f0144136.png,"ec2737a232ae85b1b1cf50c0d2a084001567e01d9b7ecea233f670445acb6ee5",AVX-512,12,0.000373,1.712,669,2011-10-19-Sample.E01
f0144128.png,"b5aa49fcfdd443da3c0708072a2e08a81b23dc3d8cc7bd5108fe38190f561253",AVX-512,12,0.00021,8.491,1867,2011-10-19-Sample.E01
f0144120.png,"eac0d13d42f79b307aa34bfdf8e9420c95ee00db85483eaa105d79c10b7745f9",AVX-512,12,0.000219,3.179,731,2011-10-19-Sample.E01
f0144112.png,"f375e5b0abc3a82123122dd8e03054197ce83b2bdf6721978e38645a7b196ce6",AVX-512,12,0.000241,2.376,600,2011-10-19-Sample.E01
f0144104.png,"350ac799d72540605613b4f393b3279e5e8711330068f37ef915a3fef166091b",AVX-512,12,0.00025,6.836,1792,2011-10-19-Sample.E01
f0144096.png,"a62219e06f19e390f55dfccc92a0bf6923883241cab255bb94d293e994cdcc93",AVX-512,12,0.000256,5.694,1528,2011-10-19-Sample.E01
f0144088.gif,"f45b613761cfc47ec5442898aa3bf3e5726a768eadd8c7e10a0b3bd698763efc",AVX-512,12,0.000248,11.775,3067,2011-10-19-Sample.E01
f0144080.gif,"d1e3f05c89c86911969d0d536c51315e36812b38a2e6d66d6a55aa8c027ea990",AVX-512,12,0.000232,4.117,1002,2011-10-19-Sample.E01
f0144040.gif,"df8e2c98287de19bb512e6f14457e6324433701c339d94f89056f49570758db8",AVX-512,12,0.000226,74.601,17710,2011-10-19-Sample.E01
f0144024.png,"cc8897e46d8019e3b666ec9b7b7465816b9d4ed4c1f7c9e637a6da0569f045bb",AVX-512,12,0.000309,14.242,4610,2011-10-19-Sample.E01
f0144016.gif,"fc0aed383cc8fe438fb1b8fafbc038c9fd70c42424a75f6aff665cc5b3e2d308",AVX-512,12,0.00024,15.855,3990,2011-10-19-Sample.E01
f0144008.gif,"f347a0dfabd24601ab434db8ea24e57300971e10a537932db41491f04132df65",AVX-512,12,0.00033,8.797,3043,2011-10-19-Sample.E01
f0143800.swc,"6f0b9c57f4f3b48ca2c934853f773c5e6abb7d8482be775ba2a89c57d5d7934e",AVX-512,12,0.000739,137.358,106496,2011-10-19-Sample.E01
f0143624.h,"cfd74a2ee149be395604c452225ea89d58e95de099c9cb668ebe83d74f644004",AVX-512,12,0.000778,68.324,55774,2011-10-19-Sample.E01
f0143592.java,"d2cda8b72b6064b317e98bd38b3ed43a2bd9bf4ce0ec9f49b6b3428d94ed2ee9",AVX-512,12,0.000236,50.341,12484,2011-10-19-Sample.E01
f0143480.h,"8adfc21da14f8ff499633eb94920093bf8b63aa0c13637b96e5997dcecb7fc30",AVX-512,12,0.000871,60.539,55272,2011-10-19-Sample.E01
f0143464.h,"8021d7297ded9e35d0730f187cfbe8c4929373294adb86135cbd25aacab66fb0",AVX-512,12,0.000232,24.847,6042,2011-10-19-Sample.E01
f0143376.png,"16eb1a5696a2e1d8a64584c741319d340d323d75403548de2f1fec1402a3ed67",AVX-512,12,0.000232,35.425,8629,2011-10-19-Sample.E01
f0143352.png,"16eb1a5696a2e1d8a64584c741319d340d323d75403548de2f1fec1402a3ed67",AVX-512,12,0.000258,31.946,8629,2011-10-19-Sample.E01
f0143312.h,"0380350bf2ff4e7e12f271f2468eb7b03131ca565390fce5c8db956d61ee5dfb",AVX-512,12,0.000257,65.551,17658,2011-10-19-Sample.E01
f0143304.gif,"edb6d3062d9d75ee0ac0d0ed0ce925bd5f05c11c2c2af65bb637f14e0a880ba9",AVX-512,12,0.000207,8.897,1932,2011-10-19-Sample.E01
f0143296.gif,"41a805710c28d68e0981e7c93032735f58eb7adf47dd80103f272973149038b6",AVX-512,12,0.000232,4.273,1040,2011-10-19-Sample.E01
f0143288.gif,"c7c54e55cef830da2dcef6b23c9b5a42d7f8aa58014c7988651b5cfa7420094b",AVX-512,12,0.000229,4.217,1013,2011-10-19-Sample.E01
f0143280.gif,"7edb23462d30110c7d5a919658264b30e9434dbfcbbbf8226f563366a4807650",AVX-512,12,0.000208,3.999,873,2011-10-19-Sample.E01
f0143264.jpg,"47c908b81fa160f056d5825316b4b9f406d871e2693f06ee6e2ea3b3002b89da",AVX-512,12,0.000277,27.776,8053,2011-10-19-Sample.E01
f0143240.jpg,"8fd7db78ad7e8de696b84cef2af5b42e6ec590df32ad11582fe3bc537e2c78ac",AVX-512,12,0.000249,40.582,10600,2011-10-19-Sample.E01
f0143232.gif,"27bc865b699278336bf7d2ee2371463e8205afcc6d0760720675533a3c0e4b61",AVX-512,12,0.000237,2.547,633,2011-10-19-Sample.E01
f0143168.png,"f30536fb4a923b278b0ecd572e047f7fef3df4d89f8a1e56f624ef4120871879",AVX-512,12,0.000246,55.053,14224,2011-10-19-Sample.E01
f0143144.png,"95d9170073119dc0e42abaeb1ff4cd566553c130e01ac4f9e5a775daeecf7ce5",AVX-512,12,0.000224,40.33,9477,2011-10-19-Sample.E01
f0143136.jpg,"5acd9a44a77a002e997c3bd740350e352666ef90f24f9149cbf6ee22678de73e",AVX-512,12,0.000257,5.838,1575,2011-10-19-Sample.E01
f0143128.jpg,"3c84460f416e79aef10da43e497d709105bd7dbafdd3e764ef1c4ce2c8a0e7ec",AVX-512,12,0.000224,7.093,1663,2011-10-19-Sample.E01
f0143104.jpg,"2d78d04c9af53b1f714f4aac7d0c25a2c048733fa119d2ceaa7dc42d752b810f",AVX-512,12,0.000261,41.671,11400,2011-10-19-Sample.E01
"f0143064_GUARD_DOG_SECURITY_quot_Our_mission_is_to_protect_you_quot.html","53ed3f7fcfebd56486a0e3625145fc3660cefe8004059e27b2fb79ae2ed07633",AVX-512,12,0.000279,58.655,17172,2011-10-19-Sample.E01
f0143000.swc,"ee98ece74fce833d3797aa1b0d8a8f46b4d9665431f14f7ea82aad4458a2ecad",AVX-512,12,0.000791,39.512,32768,2011-10-19-Sample.E01
f0142984.txt,"962783655cb9d8d36fc5fd9155d9eeb9b8e044e588877c70d2401550b0c60329",AVX-512,12,0.000261,21.566,5893,2011-10-19-Sample.E01
f0142888.txt,"27df954804b37c283f4b30eba97470b8aa37d36d51df2d20df87913deb1902c9",AVX-512,12,0.000692,67.309,48819,2011-10-19-Sample.E01
f0142880.jpg,"9b7d9f04e7565af8c97d556478118393c06dd4bbb407cbd36302392f63707fc7",AVX-512,12,0.000224,6.113,1439,2011-10-19-Sample.E01
f0142872.jpg,"2f24a96eefce8ca48e062900599b962f9d237d8cea61491dcae9a0eb162be838",AVX-512,12,0.00025,7.476,1963,2011-10-19-Sample.E01
f0142864.jpg,"2c1ec83d24b29ec204dce963016b7681524b19b63b9b0cd26db345d0bb88e545",AVX-512,12,0.000238,5.629,1403,2011-10-19-Sample.E01
f0142856.jpg,"9f868d8362328009e052f701408fd4fbe7be3291231b9921702d370ebde0b2d4",AVX-512,12,0.00024,5.564,1399,2011-10-19-Sample.E01
f0142760.gif,"b5e89954cae60f1569f20dfeda9160544c5cbfa949ba8ce0268cd9e44022b766",AVX-512,12,0.000745,62.853,49100,2011-10-19-Sample.E01
f0142712.jpg,"bccb11f90e2218f3436ee53879db5a8a94594ff76a9b53d99c386595036af1aa",AVX-512,12,0.000232,100.035,24325,2011-10-19-Sample.E01
f0142696.png,"cae548685ef2319f3bf4b39b9fb8fb24b54ceb6993adba33956e9fd8c4f8a1db",AVX-512,12,0.00022,18.01,4147,2011-10-19-Sample.E01
f0142608.swc,"f6ee7b5fa0d4f243496eda2b6599ab80494b728c071355c7effb89b10472d321",AVX-512,12,0.000216,24.457,5547,2011-10-19-Sample.E01
f0142600.txt,"72ea68162cbff61ccc3fe8db6c3e124bdd1ed70412635e0ca264bbe18474f3dd",AVX-512,12,0.000224,9.746,2287,2011-10-19-Sample.E01
f0142544.txt,"c6d2b8843c52530bd1526987bae7eb0079b7dc29a66ccaa9ddf2a0a2a181b248",AVX-512,12,0.000298,88.212,27564,2011-10-19-Sample.E01
f0142512.gif,"441ebc3d1231d00f87b81620f8a2b3fa622bbe5d460afa0f5d75ef4c27adc033",AVX-512,12,0.000224,38.33,8987,2011-10-19-Sample.E01
f0142496.h,"43e995e8fa24953f8b33c417ba998b5ba57a255fb8b6c8e28558b32d6c679e1b",AVX-512,12,0.000229,24.424,5870,2011-10-19-Sample.E01
f0142016.gif,"5a33bd8cba297371308426a77cdc72e9fca08e50a05f9d59d630b60103d6fbcb",AVX-512,12,0.000241,27.477,6958,2011-10-19-Sample.E01
f0141992.gif,"b7d3f600073aa5712dda2d5fe5991b7e42324c2760dfb5eb0944612bd4dfab98",AVX-512,12,0.000235,40.654,10005,2011-10-19-Sample.E01
f0141984.txt,"1e805680ad24d0475c6d14bc6f7a2cae9592df4595c15bfcc292f2388f697c5d",AVX-512,12,0.000226,3.379,801,2011-10-19-Sample.E01
f0141976.gif,"ffa00514347f377286a32f4a403c22cad57ff02f4169a7615966cf72dffe3e6a",AVX-512,12,0.000244,12.859,3290,2011-10-19-Sample.E01
f0141968.jpg,"a5e7d75de07d1fa5a75cc102110eef6e76dda85589396d8ab361841da90c7719",AVX-512,12,0.000242,3.864,980,2011-10-19-Sample.E01
f0141960.jpg,"a5e7d75de07d1fa5a75cc102110eef6e76dda85589396d8ab361841da90c7719",AVX-512,12,0.000229,4.085,980,2011-10-19-Sample.E01
f0141864.swc,"021502e8446d1544ffdc3797b2fa00fa2dc1e3165e0df46030df8726fbc88348",AVX-512,12,0.000973,40.563,41372,2011-10-19-Sample.E01
f0141840.txt,"1184fb000dfd8a78b9ced6a5ef05609e1f46855da056325e5f85656e4414b0e0",AVX-512,12,0.000222,36.585,8505,2011-10-19-Sample.E01
f0141832.gif,"f85131c4d1ad6c5c84a1f3905ae7f52749aec457d65e9803470887191caf8818",AVX-512,12,0.000225,3.187,753,2011-10-19-Sample.E01
f0141824.gif,"8c9c86d2474d520b0ea5de8e39a1080f9f9f4dcbdda04f94b70b662f5e0fa56f",AVX-512,12,0.000243,2.946,750,2011-10-19-Sample.E01
f0141808.jpg,"bad2f8c0f2ee87e221478404b111399ed48e268579479b2f6e6851b137c6bc6c",AVX-512,12,0.000231,31.679,7660,2011-10-19-Sample.E01
f0141752.gif,"d864952df23ddca1616d1f12b426b5c30eb0343ef86d2e0e64a683ef8bd88a8d",AVX-512,12,0.000263,94.15,25974,2011-10-19-Sample.E01
f0141744.h,"13d91a43dba6bade389ef4e6890b0ab88a532efda2f6bd14659fd0c360b51dbd",AVX-512,12,0.000226,12.303,2909,2011-10-19-Sample.E01
f0141696.txt,"a2001639f2ee3d10e66bfbf9cb3696a6d0af255052c9f33f8fa5a647ed84871f",AVX-512,12,0.000261,77.368,21182,2011-10-19-Sample.E01
f0141688.h,"f298cce4e6bf694b229abbe766f11edc4cfc22affa7c0337babb147541fa8d13",AVX-512,12,0.00051,3.594,1921,2011-10-19-Sample.E01
f0141672.txt,"53e4f5eafd05d59b8e50e21886f3942478762943ab60c06fc15a9900ef1c3394",AVX-512,12,0.000254,22.686,6035,2011-10-19-Sample.E01
f0141664.jpg,"83fac9762d625321abaffaddfed23f3929986b67d706ca2952889ed2a83e9d82",AVX-512,12,0.000245,6.555,1686,2011-10-19-Sample.E01
f0141640.gif,"7d70324bc09da80d5a449dc577c3504ef038fb000e7c398b81c7aecbb2c62fce",AVX-512,12,0.000226,51.012,12078,2011-10-19-Sample.E01
f0141408.h,"111f0496d1592f623ba02108c28e2a89eb678c67fae94a3845baf72f59b674f1",AVX-512,12,0.000755,147.008,116352,2011-10-19-Sample.E01
f0141304.txt,"0e07e990c163950aa8dd9d8b687425a4a4623b247432d4e99330fab2cac6e171",AVX-512,12,0.000811,58.101,49378,2011-10-19-Sample.E01
f0141200.txt,"dc76f70d89119f573afb8f539ad90064012f4ebec6ac2bd2211f0e986400db7d",AVX-512,12,0.000636,73.833,49223,2011-10-19-Sample.E01
f0141192.jpg,"10d012633d46b5c17273d9171d51821589fb4321a4bca946570db7ea858b10e4",AVX-512,12,0.000261,8.024,2196,2011-10-19-Sample.E01
f0141152.jpg,"10d012633d46b5c17273d9171d51821589fb4321a4bca946570db7ea858b10e4",AVX-512,12,0.000244,8.594,2196,2011-10-19-Sample.E01
f0141072.png,"2e930b9772a85da7598615354ee5a14b4b1f95e963e74c9376d191370f9784f3",AVX-512,12,0.000629,60.539,39910,2011-10-19-Sample.E01
f0141064.gif,"d8c9b4b634ba6edd9ba2d61094dda98d11ac6dd224486c91bd6ad712087b5026",AVX-512,12,0.000236,5.905,1462,2011-10-19-Sample.E01
f0141056.h,"89fe072ac8a97b9baf15a13820ed03b1c3314f6a7cff6bd310aea53bf17eaa00",AVX-512,12,0.000252,10.563,2790,2011-10-19-Sample.E01
f0141024.txt,"4cc0a26590e8777b9ec355f040530fd02e7804c1dab120e2cdb5ecd746cf3dfa",AVX-512,12,0.000235,61.991,15295,2011-10-19-Sample.E01
f0140960.h,"0d9e14dcf041a0252d2cf545d5d16d94bc45b817a768d373ef74658f3a8e25fd",AVX-512,12,0.000456,65.785,31469,2011-10-19-Sample.E01
f0140952.txt,"7e4eceda0125e0080c2f4f50e9c7ea25c7bd9b39e85c9167ecf1a1d4a912a423",AVX-512,12,0.000242,5.553,1409,2011-10-19-Sample.E01
f0140944.txt,"e59b6e2ac1222b6e3960dd7ba4bfa7714647aab3afeba2cd1afb351a11fddc03",AVX-512,12,0.000222,6.001,1397,2011-10-19-Sample.E01
f0140920.h,"c0d4e477ffcf58787a0ea3cb5d0cb39ab7b27515c156401bcf93350846db565c",AVX-512,12,0.000238,12.725,3177,2011-10-19-Sample.E01
f0140912.png,"1c4a5b19a02f5a8c406eebb7763e1fda286cdf3382372ae6b1ddaa5b76128ca2",AVX-512,12,0.000227,4.629,1100,2011-10-19-Sample.E01
f0140864.txt,"b83268755dc0351a8c1ee36ad131c6e0c78c8be9b2b5e2ff1ad682bae1fe4484",AVX-512,12,0.000317,6.474,2150,2011-10-19-Sample.E01
f0140856.gif,"9eed8bf25a9629cf598a25956494e5aa279d6a9de8a1edc223180a9af9e8390a",AVX-512,12,0.000219,5.355,1232,2011-10-19-Sample.E01
f0140832.png,"44adab84bba7f1402b9a75eb678ea416782e15acff9cd3215b1f84cee8000d85",AVX-512,12,0.000269,34.64,9760,2011-10-19-Sample.E01
f0140824.gif,"e9a52f3bdac0e65ae8f8ebf4b9e6a65bee4586ad72dcf33cf0a76d17dcb43aea",AVX-512,12,0.000214,4.904,1099,2011-10-19-Sample.E01
f0140816.gif,"e1b3dbdd7576a9c4a9ac200689e26f0e323b309df703234f25e20711ad9fc1bd",AVX-512,12,0.00021,4.131,911,2011-10-19-Sample.E01
f0140808.gif,"f8d7eb5de323fd7af1f6fdc533248465685b467e719ffaf757f81fb72095c1b0",AVX-512,12,0.000235,6.432,1583,2011-10-19-Sample.E01
f0140800.gif,"a524d8de7a6a613be27ef088e362c0edaefd3911318774464e36f91560c50024",AVX-512,12,0.000238,11.645,2905,2011-10-19-Sample.E01
f0140792.png,"f013b34c2992e552cb77a89d0dc380f4044920127837856e203f609e6da4c491",AVX-512,12,0.000282,12.033,3558,2011-10-19-Sample.E01
f0140784.gif,"de87b26e4c1e1efc18bdeefe731cdb8a651455d0f3b53cf522c2f273cbec566d",AVX-512,12,0.00026,10.313,2815,2011-10-19-Sample.E01
f0140776.gif,"ca525d9d699b1fc69ed196e8eb6d0c01eee142e770a0ef71d6d92806ab8e5863",AVX-512,12,0.000216,7.981,1806,2011-10-19-Sample.E01
f0140752.gif,"bb6754cfdb5b6f8a359f0ceb350308dfde7afbac33bcd945d32c628bb3c8acab",AVX-512,12,0.000321,6.534,2198,2011-10-19-Sample.E01
f0140744.h,"2e7e52836aa1a5c73ef0071f001a6e082d7063bf87e140b3fcf3d18de2c12c94",AVX-512,12,0.000222,4.573,1064,2011-10-19-Sample.E01
f0140736.h,"c81cccec15e2c5eec9f129ce1a705f7192379543ef3727284eab0eff2df1bdf0",AVX-512,12,0.000238,6.048,1510,2011-10-19-Sample.E01
f0140704.swf,"3fdaee04df3ee226651c3a388e4dbb4ec81db61df3477da734b5282d983c22ed",AVX-512,12,0.000266,49.266,13731,2011-10-19-Sample.E01
f0140696.txt,"cdea3fb0ef6f5f0b2670ff920b3615a5bcc01a2189dde2bd98bda752307b7ea5",AVX-512,12,0.000258,2.357,637,2011-10-19-Sample.E01
f0140688.gif,"3f36b817c955b1522ea3c24b2123b624af8f59f71687b1eb371d97991ccde9b0",AVX-512,12,0.000222,4.525,1052,2011-10-19-Sample.E01
f0140672.txt,"48cb5a64ef3c95114ec27b1ecfa912b2040b345a2739976797f986bdc13f977b",AVX-512,12,0.000221,6.8,1575,2011-10-19-Sample.E01
f0140608.gif,"b8dac224de3c4ea239dc35f314cfec2700871684ddee27ec5c199a491bbbac68",AVX-512,12,0.00024,116.996,29492,2011-10-19-Sample.E01
f0140592.jpg,"83d1671c7474582e12e71cf8e44776ee3b50cc6213c15554fc8f3b44c2060929",AVX-512,12,0.000239,29.969,7520,2011-10-19-Sample.E01
f0140576.jpg,"158c009bd6d7b1b4c8bec1255ba44821aed135650ef4ff6d7bfb38aafc9a2150",AVX-512,12,0.000246,21.722,5594,2011-10-19-Sample.E01
f0140568.gif,"fa773295877d72320d62a7ed007a35385a9f11863b258a945ae12f9e558ee43c",AVX-512,12,0.000224,5.262,1236,2011-10-19-Sample.E01
f0140560.png,"934783c359c47b931533733ecf40d8037c6e427ab4d2c60c7c6f596d18be3532",AVX-512,12,0.000215,3.343,754,2011-10-19-Sample.E01
f0140536.png,"934783c359c47b931533733ecf40d8037c6e427ab4d2c60c7c6f596d18be3532",AVX-512,12,0.000234,3.076,754,2011-10-19-Sample.E01
f0140528.png,"7220f6bfb31b94fdda2bbc7bd54048dfd97e19386549251844a0516aed9eb178",AVX-512,12,0.000253,9.574,2538,2011-10-19-Sample.E01
f0140520.jpg,"40ce47729ce557fcabad816b9407432d71b2221d22ce8e5d33f3c8404a7a586a",AVX-512,12,0.000201,5.66,1193,2011-10-19-Sample.E01
f0140512.jpg,"9779d8668028015281482e2a4be99c3bac62c0d38bf21cddaf877a67a06e41e1",AVX-512,12,0.000249,2.285,596,2011-10-19-Sample.E01
f0140504.gif,"5c68226beef40dbc9de78be8a0ae0038a13355273bb5e1ea47bff68b0ab8e9bd",AVX-512,12,0.000277,9.161,2660,2011-10-19-Sample.E01
f0140488.jpg,"5733e268735fc74d0b71e4428bebf08ad8179fa6ae172b79132bb99fb9ce4d0d",AVX-512,12,0.000273,21.18,6063,2011-10-19-Sample.E01
f0140344.h,"4c1b78fd0ce030ad3f353b1ad17757f592fd5772691b78eb31b644e3dfef6309",AVX-512,12,0.000274,75.101,21585,2011-10-19-Sample.E01
f0140224.h,"ea7cc89d8cb865183b9a8db982e124f56f5874d1219728dc25bdcbcf3f575c50",AVX-512,12,0.00057,98.948,59171,2011-10-19-Sample.E01
f0140192.jpg,"6733b1ee4a91500710afbf28a6b8a175906ca8ee3d3b4a6496bac47505f6822e",AVX-512,12,0.000247,61.694,15998,2011-10-19-Sample.E01
f0140184.h,"b0d80ca7eb0e0a4268cfa449a51b5c26639bdb9a6bcdac2fb76290a9ab111018",AVX-512,12,0.000257,6.001,1616,2011-10-19-Sample.E01
f0140176.jpg,"70c209ace5be48caf6f8ad0162d59804cf816b26142de947cc239ba67826acb2",AVX-512,12,0.00026,10.196,2783,2011-10-19-Sample.E01
f0140168.jpg,"d7a765ec7f15ad0c2bd2423a11f9ff4cf764f560df7fa883b40ec6ed12ad929b",AVX-512,12,0.000222,11.347,2645,2011-10-19-Sample.E01
f0140160.jpg,"65d5b4dda598c3d62e14ce1311b53af1354661271054d6d36207e62700736bdb",AVX-512,12,0.000232,11.584,2812,2011-10-19-Sample.E01
f0139928.h,"5b0260ab8497c3104345464aea686754546d2e785d403ffbc1b238e61a8e7abd",AVX-512,12,0.000652,136.34,93226,2011-10-19-Sample.E01
f0139920.png,"fd5bc70d866cb1b00606d9efe214818947c40ae218c7f399f6ae3ed7dcb16a0c",AVX-512,12,0.000222,7.306,1700,2011-10-19-Sample.E01
f0139904.jpg,"3783ce6e02204e905f765cda7c139f2d03c37c24ecf38dd3cab7faeee9f06186",AVX-512,12,0.000219,34.053,7802,2011-10-19-Sample.E01
f0139896.h,"b58da1a41a2b60ae02c182e7e83c4b9085837656632d2f70634be59b53260a3e",AVX-512,12,0.000279,9.605,2810,2011-10-19-Sample.E01
f0139880.jpg,"ed49b28632b28eed47bd85fd563cbf49b4d2334fc8b43ea11ee336920e5f4801",AVX-512,12,0.000222,7.493,1741,2011-10-19-Sample.E01
f0139872.jpg,"db5b23c2c1f0ce029b3ec509fb42dd9cd96eedcca1499aa5af30f124f4506ceb",AVX-512,12,0.000213,7.446,1663,2011-10-19-Sample.E01
f0139864.jpg,"0c381c3ec09888c993a47ef2a70a430504d7f4a631f29f4d56fd5fdc25fe1195",AVX-512,12,0.000398,3.913,1634,2011-10-19-Sample.E01
f0139856.jpg,"ef268f8146c66d4991dd4e09a953e2e0f01f0c636ebe0475101f533a5c5317dc",AVX-512,12,0.000203,6.585,1399,2011-10-19-Sample.E01
f0139792.swc,"5697d398b83544015f9efa82fc1f136e2fd653d491e942ff41d98bbc416c36e7",AVX-512,12,0.000605,51.636,32768,2011-10-19-Sample.E01
f0137392.swc,"0f27738630c00063454036005168ddc0d12c10337b9db3fa0d5b3989d5ae1351",AVX-512,12,0.001447,810.033,1228800,2011-10-19-Sample.E01
f0137304.jpg,"805dc086082c5785080c2b994695d33a5364a554213f3b4f79630121df7c1053",AVX-512,12,0.000743,50.466,39328,2011-10-19-Sample.E01
f0137296.jpg,"f307012564de92004c5149f3146318a8f3cdd74cc7116d48f84d2ff85041dfad",AVX-512,12,0.000256,6.364,1709,2011-10-19-Sample.E01
f0137256.jpg,"e0074051c4ade29fb40809e9610bb910b08b4842a3306a1be5154f26dabf2f1b",AVX-512,12,0.000256,69.059,18538,2011-10-19-Sample.E01
f0137248.jpg,"095d6b724e9dbc4f0764b4c19159efa44b0a8051e01d148917d3dab549204d10",AVX-512,12,0.000241,9.006,2276,2011-10-19-Sample.E01
f0137128.jpg,"24d7041c6e319df06fccdd3e045ece1aa8a99bff66289e06a42273bb76ba7c5d",AVX-512,12,0.000726,76.026,57844,2011-10-19-Sample.E01
f0137120.jpg,"d4895e6a02c31e63c1f15c51c6562cf5d3f6da175b559d98ee741dabb24f8d05",AVX-512,12,0.00025,9.609,2524,2011-10-19-Sample.E01
f0137112.jpg,"54a443a21ec29751c8b6f1d49f86f583686fd4d48e7522faeb1d3a3f39b23117",AVX-512,12,0.000308,12.562,4061,2011-10-19-Sample.E01
f0137104.jpg,"550f7fd2599a2620e67c97fece2840fa3844a1922957a69a23c087da00eb73c4",AVX-512,12,0.000231,15.509,3750,2011-10-19-Sample.E01
f0137096.jpg,"550f7fd2599a2620e67c97fece2840fa3844a1922957a69a23c087da00eb73c4",AVX-512,12,0.000261,13.697,3750,2011-10-19-Sample.E01
f0137088.jpg,"f383792207e0cd0e96af9404ed6184e9715f6fd75ff33794e12762c39ceeba94",AVX-512,12,0.000293,12.965,3986,2011-10-19-Sample.E01
f0137080.jpg,"61d039c3861afe9a201caea4f887344380d10baa658156acef51beec2f9a646f",AVX-512,12,0.000225,16.645,3934,2011-10-19-Sample.E01
f0137064.jpg,"53fec9dd3b55129f1bc78adeac8841de539084af8684bcaecea3867270a3d861",AVX-512,12,0.000251,17.776,4673,2011-10-19-Sample.E01
f0137056.jpg,"b018c8677c3786b6fa4c598b7a5706903dcdebf95595e8a92a52445f04480877",AVX-512,12,0.000362,9.86,3747,2011-10-19-Sample.E01
f0137048.jpg,"b018c8677c3786b6fa4c598b7a5706903dcdebf95595e8a92a52445f04480877",AVX-512,12,0.000229,15.598,3747,2011-10-19-Sample.E01
f0137032.jpg,"1ec4c15a227e4f3ee9b97761ca416095a13a3351175b6b7f47be736791809686",AVX-512,12,0.000345,18.457,6679,2011-10-19-Sample.E01
f0137008.jpg,"4fe41f58587158e442a4c045eab9ebd0b59d6629268a0b09717b8a45ed71f670",AVX-512,12,0.000432,12.935,5866,2011-10-19-Sample.E01
f0136952.jpg,"0e001bb297e5f7ff49c68687d4a48be2d56f25c8040a68206bc98cf263b7a198",AVX-512,12,0.00025,105.416,27623,2011-10-19-Sample.E01
f0136944.txt,"a5bb97b42e191e7096d0f3d6909025ab654c2cb4e3db1093c15d25806db57ffa",AVX-512,12,0.000267,6.252,1753,2011-10-19-Sample.E01
f0136672.txt,"7a69be6e12db16be0db59ecad94fab67040c479016afed825934a0a1cc096632",AVX-512,12,0.000271,7.336,2087,2011-10-19-Sample.E01
f0136664.txt,"bafe224566cbc201aa13a93149b2cc243e28d902b4f1a8bea6b848a0ca530781",AVX-512,12,0.000234,11.378,2793,2011-10-19-Sample.E01
f0136656.txt,"9cb5569fa486aaaebdfee8c6c0eb2f8c408545067c0064a9443ccf93312fa648",AVX-512,12,0.000225,11.865,2798,2011-10-19-Sample.E01
f0136648.txt,"fdb1e6e879e4c0f0522629e75bb2fac2259a219be53c8b90046f8ab246f55173",AVX-512,12,0.000245,8.114,2088,2011-10-19-Sample.E01
f0136640.txt,"104b0af86d27f53b708d0a393e63e07e0c4f266fa31abe9b09850b1ba515f2ef",AVX-512,12,0.000239,7.919,1988,2011-10-19-Sample.E01
f0136632.txt,"c2c8658b0ce60e88a2d29e2e4c02bf8ae9621fb60b3ed2e4fd528a7889fdf93c",AVX-512,12,0.000288,6.921,2088,2011-10-19-Sample.E01
f0136576.jpg,"e632dcc99a3a31120cb74d67fc31e7db0b50d184e219a7cd134f0eaad0921944",AVX-512,12,0.000284,83.91,24988,2011-10-19-Sample.E01
f0136528.jpg,"c59dacc5896666743f9aa55c841510df545724737f9267e553f9b2e1defcf151",AVX-512,12,0.000254,79.886,21260,2011-10-19-Sample.E01
f0136472.jpg,"0a406255ee4644d519578da7314e427c2f35b9adff0c68bb26740ebbf50fba9d",AVX-512,12,0.00026,90.43,24673,2011-10-19-Sample.E01
f0136424.jpg,"60981601a313ae12730213f5cb2c95999c01424540b3f7bab5bd7bb016cddc6c",AVX-512,12,0.000247,82.141,21283,2011-10-19-Sample.E01
f0136376.jpg,"d6576100d05aea3edf1579e6e2302667a844accfa8d4adddbf01216f238042dd",AVX-512,12,0.00031,74.908,24318,2011-10-19-Sample.E01
f0136328.jpg,"19ff0adb048c24196b9880439fd6054f51f4ab895090603c3859775c41ad57b8",AVX-512,12,0.000273,80.147,22943,2011-10-19-Sample.E01
f0136280.jpg,"68e84d4ff8bcc4a80a6e49e413529595d50e4940e74e0731675e9b858e7e4d26",AVX-512,12,0.000285,75.557,22556,2011-10-19-Sample.E01
f0136232.jpg,"77a2f6dc8196c6c8ac4323b782114969df78846fd7f086db545e415e958ec572",AVX-512,12,0.000266,78.046,21785,2011-10-19-Sample.E01
f0136192.jpg,"03e456e8b8f3aacd996d059835958c8caea27c8f157e6e867bc9400dddedb040",AVX-512,12,0.000342,56.071,20090,2011-10-19-Sample.E01
f0136152.jpg,"540fb3acabe89a8069e4558105a321f57a802613a3b85749fe8e3a7e834a83b5",AVX-512,12,0.000236,82.131,20333,2011-10-19-Sample.E01
f0136112.jpg,"0770348c878e972db5e3deb3a8f8c2f98af11e8320f6cd7a053462069312ea51",AVX-512,12,0.000241,76.607,19351,2011-10-19-Sample.E01
f0136072.jpg,"f7a4204b28c25448c2ab728cb2bed9ab75b01cdb459bcab8dcaae5df42f89cf3",AVX-512,12,0.000216,84.331,19065,2011-10-19-Sample.E01
f0136032.jpg,"a3ccabd252aa6e7967bef1c32e2f64bd9b914593b25cdca4dae2864b335e7256",AVX-512,12,0.000253,71.852,19054,2011-10-19-Sample.E01
f0136000.jpg,"fa8cd6c4b77070b5e31299ede7a1c99e3ecb59591052ccb548e8ca195f99e590",AVX-512,12,0.000278,53.709,15634,2011-10-19-Sample.E01
f0135952.jpg,"408091d89d140511d8a2ef132cf0dc606dfeab66270b29e46be7c426b44c2882",AVX-512,12,0.000352,58.427,21590,2011-10-19-Sample.E01
f0135904.jpg,"c4c839d390898fffd805e1f3c10b8e8ef2a0bf8d267cce93836fa118fbd02ce8",AVX-512,12,0.000242,82.949,21040,2011-10-19-Sample.E01
f0135872.jpg,"01b7f1f4e6bc4125301cb154581e2198d7d439858012f905b19c66994cc46fff",AVX-512,12,0.000234,64.493,15811,2011-10-19-Sample.E01
f0135832.jpg,"46653e6e65614cef5ff3323ed57274910baf0a112aac620009b3e0ab65116201",AVX-512,12,0.000275,65.092,18763,2011-10-19-Sample.E01
f0135800.jpg,"701cffe07f0cf6d11678cb6f72163a4c7464eb6a1f1bf9f4bce6f66fd8e5fb20",AVX-512,12,0.000223,69.869,16367,2011-10-19-Sample.E01
f0135760.jpg,"31d623f3f73e960aa099bda7fba4af8415aa9063e14649efe8f12d2730df31eb",AVX-512,12,0.00039,41.327,16909,2011-10-19-Sample.E01
f0135720.jpg,"408e5e6e7abe7519cf3556d551912db86248c9a26c6bc51120c693992af372a3",AVX-512,12,0.000241,67.209,16963,2011-10-19-Sample.E01
f0135688.jpg,"b020d5b7634054488187a077e3b1e09b23948e1394cef41d9bb8503d50b5e8aa",AVX-512,12,0.000281,55.35,16338,2011-10-19-Sample.E01
f0135656.jpg,"faecc5f62990e77a6bdf76cc1e5083b607b2a82a099263b3990834c9663c66a5",AVX-512,12,0.000282,51.064,15121,2011-10-19-Sample.E01
f0135624.jpg,"3b74c0d84440cc3aab36c0081a65e78ffee0dc5660aeba6eb6047b59d2358af2",AVX-512,12,0.000326,44.673,15266,2011-10-19-Sample.E01
f0135528.jpg,"58068a2892b437c0355cb86ac909401c51185adc0481c2909134ffdd236f2536",AVX-512,12,0.000311,46.025,14985,2011-10-19-Sample.E01
f0135512.jpg,"f149c9a421bc14d8417bfe5b2516edebf94d1461bb1c263c948e0a81dc59782a",AVX-512,12,0.000282,23.845,7061,2011-10-19-Sample.E01
f0135480.jpg,"1085ee777e6842a8d9cd1ef61c35b517d0191475c672d2c709901f4d6be0c9de",AVX-512,12,0.00027,55.951,15817,2011-10-19-Sample.E01
f0135448.jpg,"291b53c0210c2675438b2d2f1a3ff10fdc9bf6dbe886e8630ad2f810470f86e3",AVX-512,12,0.000317,44.095,14671,2011-10-19-Sample.E01
